요일구분,호선,역번호,출발역,상하구분,5시30분,6시00분,6시30분,7시00분,7시30분,8시00분,8시30분,9시00분,9시30분,10시00분,10시30분,11시00분,11시30분,12시00분,12시30분,13시00분,13시30분,14시00분,14시30분,15시00분,15시30분,16시00분,16시30분,17시00분,17시30분,18시00분,18시30분,19시00분,19시30분,20시00분,20시30분,21시00분,21시30분,22시00분,22시30분,23시00분,23시30분,00시00분,00시30분
평일,1호선,150,서울역,상선,8.3,21.8,22.2,39,64.4,69.5,91.1,59,56,37.2,42.4,33.5,33.3,31.1,42.8,34.8,31.8,29.1,24.3,25.7,27.1,24.9,25.7,26.5,35.4,46,38.4,28.2,22.2,19.3,18.3,18.8,16.7,19.3,19.7,13.6,12.6,5.7,1.3
평일,1호선,150,서울역,하선,11.5,11.3,16.3,24.9,38.1,39.8,23.4,27.8,21.2,22,17.5,21.5,24.1,29,27.4,32.6,36,34.1,32.2,44.1,56.4,51.2,58.2,64.4,75.5,121.5,67.8,45.2,38.2,37.4,36.5,40,35.6,36,28.5,17.2,14.2,7.7,0
평일,1호선,151,시청,상선,7.8,15.2,18.8,30.4,49.1,52.7,57.2,44.8,45.2,32.3,39.2,32,30.8,29,39.2,32.5,28.9,29.9,23.7,27.6,26.8,28.1,29.1,29.6,39.8,62,50.5,31.4,25.3,23.1,23.1,23.3,19.9,23.5,22.6,18.3,14.2,6.2,1.2
평일,1호선,151,시청,하선,9.4,10.3,17.2,23,36.3,34.4,25.8,28.3,21.5,23,18.1,21.5,23.8,28.4,26.3,31.8,34.5,30.9,36.2,41.1,56.3,46.8,49.8,61,67.7,107.5,71.4,41.4,34.5,33.8,34,38.2,30.2,31.5,24,15.4,12.4,5.2,0.2
평일,1호선,152,종각,상선,7.1,12,11.6,18.8,27,31.3,30.5,28.7,32.6,27,33.7,28.1,28.9,27.6,33.4,30.7,29.2,31.2,26.5,30.8,30.2,32.1,32.3,37.6,44.1,81,61.8,39.2,29.4,30.5,30.4,32.1,25.3,29.6,29.7,24.9,16.3,6.9,1.1
평일,1호선,152,종각,하선,10.2,11.4,18.1,29.5,45.8,48.8,43.4,36.5,26.2,25.1,19,23,25.7,28.8,28,28.7,37.4,30,34.4,40.8,48.6,41.4,42.9,52.3,57.7,76.8,50.2,30.6,28.6,26.1,26.5,29.2,24,25,18.3,12.4,10.1,4.6,0.2
평일,1호선,153,종로3가,상선,6,13.1,11.8,19,26.2,32.9,28.7,27,28.8,27.3,36.7,26.2,28.4,28.6,35.7,32.9,31.3,33.9,29.4,34.4,35.7,34.4,37.7,41.3,49.1,86.9,65.9,44,31.1,32,31.6,40.7,28.5,32.8,33.9,28.7,18.6,7.3,1.2
평일,1호선,153,종로3가,하선,12.4,12.6,22.1,36.1,61.4,67.3,69,52.5,35.8,29.1,22.2,25.1,27,27.9,29.4,28.3,36.3,28.5,33.9,36.8,44.9,32.6,39.5,36.9,47.2,50.6,37,22.2,21.3,18.3,17.8,19.5,15.6,16.7,12.7,8.5,7.5,3.9,0.3
평일,1호선,154,종로5가,상선,5.4,11.8,9.3,14.1,19.5,24.2,20.2,22.5,20.8,22.5,28.1,23.7,22.7,28.6,29.4,33.6,26.6,32.7,28.1,37.1,32.3,34.8,38.8,40,52.5,85,76.2,45.6,32.2,33.1,33.2,40.2,35.2,34.4,30.7,29,17.4,13,2.5
평일,1호선,154,종로5가,하선,14,18.2,22.1,43.8,63.9,77.7,72.2,61.8,39.3,33.1,29.4,31,29.1,36,34,31.7,40.3,31.6,35.8,36.9,52.4,33.8,38.7,37.2,46.7,47.8,32.1,22,19.9,16.9,16.4,16.7,13.4,13.8,10,7.3,7.1,4.3,0.3
평일,1호선,155,동대문,상선,7.9,11.7,8.9,13.4,18.6,21.7,21.3,21.3,19,21.3,27.1,25,20.2,28,29,34,29,29.4,29.7,37.2,33.3,38.5,37.1,42.6,50.7,86.4,75.6,44.7,33.4,36,30.5,40.2,35.2,34.6,30.3,31.3,20,13.5,2.3
평일,1호선,155,동대문,하선,14.6,19.7,23.1,45.9,70.5,82.1,78.6,66,41.4,35.6,31.4,30.8,28.2,31.2,36,31.4,36.4,27,31,31.9,42.6,29.4,34.1,33.1,37.2,36.6,25.7,17.3,16.1,13.7,12.9,13.8,10.6,11.4,7.7,6.5,6.7,4.2,0.3
평일,1호선,159,동묘앞,상선,6.9,12.1,8.3,11.7,16,19.1,19.9,15.6,19.6,19,24.5,22.7,18.6,22.9,23.8,30.3,26.3,26.5,25.3,33.9,26.7,39.6,34.8,36.1,50.2,73,73.1,40.7,30.5,31.8,27.6,42,30.3,30.4,26.9,27.8,15.2,14.3,0
평일,1호선,159,동묘앞,하선,15.8,19.1,25.2,46,69.5,86.3,68.1,55.6,45.7,35.4,31.4,30.9,28.5,31.2,36.2,31.3,36.1,25.2,34.9,29.4,41.2,29.1,31.2,32.3,34.8,36.2,22.9,16.6,16.1,13.1,11.9,12.6,8.9,10.1,7,6.4,5.3,3.6,0.3
평일,1호선,156,신설동,상선,7.2,11.6,8,9.3,13.1,16.1,16.9,15.1,22.8,16.5,24.2,21.4,17.9,21.4,23.3,29.8,26.8,24.6,24.1,32.3,29.4,38.9,31.6,40.9,53.2,72.2,68.1,44.6,33.7,29.8,25.5,36.5,29.1,27.7,29.1,25.5,18,12.5,0
평일,1호선,156,신설동,하선,22.8,23.3,34.7,44.9,63.6,77.9,59.9,50.4,40.2,32,28.8,28.6,27,26.6,34.5,25.6,31.5,22.2,30.9,26.2,35.7,24.2,36.8,29,30.7,32.4,20.4,14.1,13.9,11.8,10.6,11.3,8.3,8.6,6.4,6.1,5.2,3.5,0.2
평일,1호선,157,제기동,상선,8.3,9.2,7.2,8.2,11,14,13.7,12,18.2,12.4,18.9,17.4,13.9,18.8,18.6,24.7,21.9,20.9,24.1,27.3,26.3,36.9,30.1,40.3,51.8,70.9,69.1,45.2,32.6,29.3,24.7,35.1,28,26.5,27.7,26.1,17.9,11.5,0
평일,1호선,157,제기동,하선,22,21.6,30.2,45.6,60.4,71.2,60.1,47.3,36.5,32.1,27.5,25.4,25.3,26.8,31.8,24.1,29.8,22.1,29.5,27.7,31.6,22.1,30.9,28.4,24,28.7,18.1,12.6,12.9,10.7,9.5,9.7,7.7,7.2,6.4,6,5.2,3.9,0.3
평일,1호선,158,청량리,상선,7.7,7.4,4.5,8.2,8.9,11.8,10.5,8.5,11.5,11.2,14.8,13,11.6,15.6,15.1,20.8,17.6,17.5,20.3,21.1,27.6,31.6,27.6,31.8,44.2,63.6,59.3,42.1,29.4,24.9,25.3,28.3,25.2,23.6,24.2,23.5,15.8,8.5,0
평일,1호선,158,청량리,하선,22,20.6,29.4,45,66.4,64,59.2,45.9,35.6,31.8,26.8,19.7,27.4,23.3,25,25.2,25.8,18.9,22.1,26.3,27.7,21,24.7,24.4,20.6,23.5,15,10.9,11.7,9,8.6,9,7.6,6.3,6.2,5.5,5.1,4,0.1
평일,2호선,211,성수,내선,8.6,11.5,12.7,17.6,24.3,41.6,31.9,24.5,31.7,22.2,18.5,25.9,26.8,28.3,29.2,33,33.5,33.1,37.3,36.6,41.8,41.6,42.5,49.5,51.6,62.7,72.7,40.1,34.2,33.7,30.4,43.2,39.8,34.6,32.1,22.6,21.3,15.5,13.4
평일,2호선,211,성수,외선,0,0,0,0,0,0,0,0,0,0,0,0,0,0,0,0,0,0,0,0,0,0,0,0,0,0,0,0,0,0,0,0,0,0,0,0,0,0,0
평일,2호선,212,건대입구,내선,10.9,17.1,16.7,23,33,54.3,49.9,34.3,39.6,27.1,21.9,29.6,28.6,29.7,29.9,33.8,33,32,35.8,34.1,38.6,38.4,38.6,44.3,44.5,49.8,55.7,32,26.8,27.6,25.4,33.2,33.3,28.8,27.5,19.7,16.5,15.9,12.1
평일,2호선,212,건대입구,외선,30.6,31,27.7,44.3,64,68.7,54.7,37.3,30.9,20.9,26,33,27.7,32.2,35.1,31.1,30.6,33.4,30.9,33,37.9,37.5,43.3,44.2,45,50,44.6,35,24.7,26.5,28,28.7,40.4,38,23.7,17.1,14,7.1,4.1
평일,2호선,213,구의,내선,14.8,20,16.3,24.7,36.5,58.7,53.9,38.5,42.2,28.8,22,31.4,26.3,28.6,29.3,33.1,31.1,30.7,34,32,36.3,36.1,35.8,45,38.1,45.1,50,27.6,22.7,24.4,21.8,29.1,29.1,25.1,23.4,16.9,13.8,13.1,9.2
평일,2호선,213,구의,외선,25.5,22.9,25.3,40.9,51.5,57.2,36.5,31.6,24.1,16.6,23.2,32.1,23.7,29.1,32.9,28.9,30.1,31,30.7,36,39.1,38.6,46,52.1,46.6,61.5,56.5,40.9,31.3,33,31.2,35,51.3,44.4,27.2,18.7,14.5,8.7,3.7
평일,2호선,214,강변,내선,17.5,19.6,17.8,28.5,40.6,64.7,60.2,42.3,44.1,32.1,24.1,31,27.1,28.6,29.9,31,32.3,30.5,30.8,31.7,35,33.7,34.7,42.6,38.2,39.4,48.6,27.3,21,22.2,20.8,26,27.8,23.5,21.4,16.3,13.2,13.4,8.3
평일,2호선,214,강변,외선,16.2,19.1,21.5,34.3,43.2,47.4,30.3,27,21.4,15.7,21,30.2,22.2,27.4,31.2,27.2,28.9,29.7,29.7,35.4,38.7,38.2,45.2,51.7,48.3,63.3,59.5,43.7,33.3,35.8,32.2,38.2,58,47.8,23.2,19.8,15.8,9.6,4.8
평일,2호선,215,잠실나루,내선,17.5,17.7,18.6,27.7,39.2,61.8,63.5,43.2,44.5,32.8,24.8,32.3,27.7,28.8,30,30.8,32.1,31,31.5,32.9,36.1,35.5,35.9,44.2,38.7,39.1,46.1,26.2,19.8,21.7,20.1,23.6,27.3,22.8,20.4,15.4,12.2,12.5,7.3
평일,2호선,215,잠실나루,외선,18.7,17.6,20.4,30.3,37.4,41.9,25.7,23.6,20.1,13.4,18.9,27.7,20.9,27.2,29.5,27,28.6,30.3,28.7,37.5,37.8,40.5,46.8,51.5,50.5,66.7,63,43.9,33.9,37.7,33.6,40.6,57.7,52,24.6,20.4,15.8,8.8,5.4
평일,2호선,216,잠실,내선,25.5,26.8,28,47.6,62.6,94,88.3,63,56.3,44.7,31.1,31.3,31,32.7,32.6,35.8,35.3,34.1,32.9,37,38.9,40.9,38.7,52.6,41.6,44.4,45.3,26.7,21.7,25.4,23.3,27.6,32.2,25,18.3,15,9.5,10.5,4.4
평일,2호선,216,잠실,외선,17.9,19.3,20.4,29.9,35.8,39.2,24.4,22.8,20.2,13.5,19.9,25.1,20.9,27.9,29.4,27.5,29.7,29.8,28.8,37.2,37.9,39.3,46.4,50.1,49.7,66.6,63.1,44.9,32.8,42.3,35.1,41.9,59.6,54,25.8,21.1,16.6,9.2,5.7
평일,2호선,217,잠실새내,내선,27.2,27.1,29.6,48.5,66,97.5,95.9,65.4,58.8,45.7,32.2,31,30.6,31.2,33.4,34.5,34.4,30.1,32.2,33.5,36.4,39.4,36.2,46.8,40.4,41.3,40.1,26.2,20.7,22.5,23,26.3,30.4,25,17.7,14.5,9.3,9.9,3.3
평일,2호선,217,잠실새내,외선,13.9,19.9,18.1,24.6,29.5,35,27.2,24,23.1,15.2,23.4,26.9,25.6,31,32.8,30.6,34.5,32.7,35.4,44.3,44.2,46.8,58.8,64.6,66.3,85.5,84.4,59.5,42.6,42.5,42.3,46.6,72.2,68.7,34.4,28.3,24.1,12.7,7.1
평일,2호선,218,종합운동장,내선,31.2,23.4,30.3,47.8,69.9,92.4,106.7,69.8,63,50.2,33.6,32.1,29.8,33.2,33.8,31.8,37.6,30.1,30.9,33.9,35.4,37.5,35.1,44.5,36.5,38.1,36.5,25.2,20,22.1,23.6,27,47.7,25.3,20.5,14.6,8.8,9.9,2.8
평일,2호선,218,종합운동장,외선,11.2,17.1,17.1,21.5,24.9,30.6,23.4,23.3,19.9,15.1,23.5,25.6,24.6,29.6,30,31.3,34.3,32.1,35.9,44.8,44.1,47.4,59.9,66.1,69.7,87.5,84.8,63.7,44.3,46.5,39.3,52.8,71.3,69,32.1,29.6,24,12.7,7.7
평일,2호선,219,삼성,내선,20.6,19.7,25.8,40.6,58.1,76.1,83,57.4,52.8,41.3,29.1,29.7,28.8,32.8,33.5,33.4,38.6,33.6,35.8,42.1,43.3,50.2,50.1,65.6,59.7,68,54.4,41.5,30.4,33,35,39,65.4,38.9,25.8,19.5,10.2,10.9,4
평일,2호선,219,삼성,외선,11.7,19.4,17.3,21.4,24.9,30.7,22.9,22.7,18.9,15.4,23,24.6,23.8,31,28,30.3,33.5,32.1,35.6,44.2,44.7,51.6,58.5,73,77,107.9,83.4,65.8,45.4,48.4,41.1,52.3,57.4,62.3,31.3,30.6,17.9,13.7,7.2
평일,2호선,220,선릉,내선,22.7,21,27.3,40.7,57.2,78.1,86.3,62.7,57,48.1,34.4,34.1,38.1,38.1,43.4,41.8,51.1,45,45.5,61.5,58.7,67.9,68.9,88.1,84.2,101.2,77.1,60.8,44.1,42.3,48.1,52.5,78.7,56.1,35,27.1,14,16.1,7.8
평일,2호선,220,선릉,외선,29.4,28,25.6,36.8,44.5,53.6,48,42.8,36.6,25,34.2,32.6,30.4,36.3,34.3,35.2,40.5,34.7,37.5,43.2,44.2,48.6,53.8,58.7,71.7,92.6,71.4,55,39.4,39.3,34.2,44.4,47.7,53.2,28.9,28.6,17.3,13.4,4.6
평일,2호선,221,역삼,내선,22.6,18.4,24.5,32.1,43.9,56.5,56.2,44.5,40.4,38.1,31,30.8,36.2,37.7,42.1,42.3,48,47.5,48.5,66,65.1,80.1,79.3,110.2,106.3,127.3,99,74.9,55,51.4,53.3,61.9,88.9,68.5,39.4,36.5,16.5,17.9,8.3
평일,2호선,221,역삼,외선,53.2,33.6,38.1,53.2,66.3,77.1,72.2,67.3,52.3,36.6,50,38.7,39.7,45.9,42.7,44.9,51.9,41.5,45.1,52,49.4,53.8,59.8,63,76.8,97,73.4,57.2,42.5,45,36.4,53.4,54.4,54.1,31.7,32.3,20.2,14.6,5.5
평일,2호선,222,강남,내선,22.8,15.7,21.4,26.9,35.1,45.5,39,32.6,26.3,32.1,28.2,30.3,36,40.6,42.9,43.6,47.2,50.6,51.9,74.5,71.7,89,86.7,120,122.6,135.7,110.3,89.2,67.7,62.9,66.1,79.8,108.2,89,52.3,51.3,23.4,23,11.4
평일,2호선,222,강남,외선,60.8,38.8,47.6,67,89.7,100.1,100.4,92.9,77.2,48.6,61.9,42.9,44.6,50,46.5,49.1,56.2,42.1,45.4,50,47,47.3,58.7,54.2,61.3,77.2,61.7,46,37,38.3,31.5,47,45.3,52.2,29.8,30.1,19,13.4,6.1
평일,2호선,223,교대,내선,21.9,16,19.7,28.2,35.3,44.5,36.6,29.8,22.9,29.9,27.4,26.4,36.4,38.4,39.6,43.8,44.6,47.4,54.5,71,70.5,88.4,87.3,112.2,135.9,138,120.9,98.5,71.2,68.9,71.6,81.3,115.3,99.6,64.5,52.1,25.1,24.9,12.5
평일,2호선,223,교대,외선,76.6,47.8,58.4,90.1,104.7,119.2,120.1,117.7,90.9,58.4,78.7,46.9,48.9,51.7,49.4,50.6,60.8,43.4,47.5,49.4,46.7,43.9,51.6,50.4,54.1,67.1,59.2,38.1,32.9,31.4,26.2,36.3,32.6,35.9,26.4,21.9,16.3,11.9,6.8
평일,2호선,224,서초,내선,21.1,14.4,17.7,26.4,30.8,38.7,27.6,24.6,18.2,25.3,24.7,24.6,34.6,37.5,38.1,43,43.8,48.1,56.1,73.8,73,92.4,89.4,117.8,140.2,145.7,123.3,100.2,72.2,70.6,73.2,84.4,110.6,100.7,65.3,52.6,25,24.9,12.4
평일,2호선,224,서초,외선,81.1,55.1,64.6,97.7,113.1,130.7,130.2,125.4,92.4,62.2,78.3,45.6,48.2,53,47.3,49.7,60,42.6,45.5,47,44,41.2,49.4,46,49.8,58.1,55.4,35.1,30.2,28.4,24.5,36.4,30.9,30.8,26.4,21.5,16.5,12.2,7
평일,2호선,225,방배,내선,21.4,14.2,18,26.5,30.3,38.6,25,24.3,17.2,25.1,24.3,24.6,34.5,38.2,37.6,43.2,44.3,47.5,56.9,76.2,73.1,94,88.2,117.5,142,144.7,135.7,102.8,71.4,71.7,76.3,81.2,103.8,108.1,65.5,51.7,31.5,24.2,12.2
평일,2호선,225,방배,외선,84.4,60.7,64.8,102,121.8,134.3,140.2,129.2,89,65.7,79.2,45.9,48.5,52,45.9,50.6,54.5,43.8,40.4,43,40.4,41.5,44.4,42.6,45,48.9,51.3,31.7,28.5,25.5,22.8,32.8,29.1,29.4,25.9,21,15.3,12.4,7.1
평일,2호선,226,사당,내선,19.4,15.9,17.2,25.5,30.4,40.9,28.3,27.1,18.2,24.8,22.9,20.8,31.7,33.8,35,39.6,42,44.7,50.1,67.2,66.3,78,80.7,95.2,123,123.5,125,97.2,68.9,64.4,70.8,74.7,96.2,105.7,68.7,57.2,33.9,24.7,20.2
평일,2호선,226,사당,외선,85.8,62.4,65.5,106.7,124.6,136.6,143.6,139,73.4,69.8,75.2,47.3,47.3,54.8,45.2,48.9,54.5,42.3,39.4,42.9,39.7,39.2,44.1,41.8,44.8,45.1,51.1,29.6,28.9,24.9,23.7,33,29.1,27.8,25.4,22.4,16.4,12.1,5.3
평일,2호선,227,낙성대,내선,21.3,16.3,18.4,26,31.6,42.8,31.1,28.5,19.7,22.1,24.5,20.1,31.1,32.6,34.9,39.4,39.8,44,48.9,59.3,68,75.8,77.9,89.5,118.5,112,116,95,64.7,56.1,67.9,70.6,85,100.7,66.6,51.6,30.5,22,17.8
평일,2호선,227,낙성대,외선,80.2,60.9,64.7,100,115.2,125.1,126.2,118.6,63.3,61.9,63,40.9,44.3,50.9,41.2,46.7,48.3,37.4,36.1,38.5,37.2,41.8,38.5,40.2,44,47.3,49,30.8,30.6,23.7,25.4,32.5,29.1,28.3,26.3,21.9,17,11.6,6
평일,2호선,228,서울대입구,내선,15.4,17.5,17,27.3,34,44.5,31.6,26.8,18.5,19.9,22.6,18.8,28.1,30.7,33.9,38.1,37.3,41,46.1,53.6,63.6,68.4,72.9,77.2,108.2,102.9,101.2,82.6,58.7,49.4,59.4,64.2,71.5,90.8,57.6,45,30.2,20.4,20.1
평일,2호선,228,서울대입구,외선,75.7,57.4,60.3,91,108.6,116.8,114.6,111.3,59.3,58,59.9,39.3,42.5,48.1,40,44.5,46.5,35.3,35.5,36.7,34.8,43.2,38,38.8,43.2,48.1,47.8,32.2,31.4,24,26.5,35.4,31.9,27.5,27.3,23.9,16.7,13.2,7.8
평일,2호선,229,봉천,내선,20.4,19.5,18.4,30.1,38.2,49.8,35.7,29.7,20,20.7,23,19.1,28.3,31.2,34,38.4,37,40.4,44.8,51.6,60.5,66.2,70,73.7,102.5,97.6,93,76,54,42.6,57.7,60.2,66.4,84.6,56.5,40.9,27.7,18.5,17.6
평일,2호선,229,봉천,외선,72.7,52.3,56.4,79,94.2,102.8,103.1,97.6,50.5,53.3,51,36.9,39.3,41,37.9,39.2,41.4,32.7,33,33.7,31.7,40,35.2,36.2,41.6,45.8,49.2,32.2,32.1,25.3,24.1,33.6,31.9,27.2,26.2,25.2,17.7,14.7,6.8
평일,2호선,230,신림,내선,30.3,23.2,21.1,30.4,45.7,60.5,45.6,35.1,22.1,19.1,25.9,19.9,24.9,31.7,33.4,37.2,34.9,37.8,40.1,45.4,52.1,58.8,63.3,62.7,86.8,79.1,73.3,61.4,40.6,33.7,44.2,47.1,51.8,69.8,44.1,29.8,21.9,12,10.9
평일,2호선,230,신림,외선,67,47.5,52.9,72.3,83.6,96.6,91.4,91.9,47,50.3,47.9,35.8,37.7,39.7,36.8,40.5,37.5,31.6,33.4,32.7,31.8,39.5,35.4,36.4,42.3,48.4,53.4,34.2,35,26.6,25.5,35.1,34,28.9,28.5,27.6,19.5,16.7,8.6
평일,2호선,231,신대방,내선,41.4,31.1,21.2,36.8,52.5,70.9,53.8,41.3,26.1,21.4,28.3,20.7,25.5,33.1,34.4,37.4,35.4,38.8,38.9,44.5,49.9,53.2,64.1,58.9,82.3,75.1,72.3,55.4,39.6,33.1,36.5,43.8,46.4,63.4,39.6,26,21.2,9.9,10.4
평일,2호선,231,신대방,외선,50.9,37.1,40.8,56.9,64.6,72.8,67.4,69.2,36,40.1,36.9,30.7,31.7,31.6,30.9,35.8,32,28.8,29.8,29.2,27.9,38.4,33.4,37,39.7,56.9,60.7,41,34.3,32.3,32.6,36.9,40.7,34.4,36.2,34,25.4,22.4,13.7
평일,2호선,232,구로디지털단지,내선,61.5,40.1,25.4,44.5,59.7,78.3,50.9,41.1,29.7,22.3,30.5,24.6,28.4,35,40.8,41.5,37.5,41.6,41,45.2,53.4,57.8,67.3,71.5,85,92,80.6,56.2,41.6,34.1,36.2,41.7,46,59,36.4,28.3,19.4,8.9,8.7
평일,2호선,232,구로디지털단지,외선,41.9,31.9,39.4,54,59.4,64.5,61.3,57.4,34.8,37.1,35.5,29.8,31.2,30.8,30.5,36.8,29.7,29.1,29.7,31.2,29.2,40.1,34.1,40.2,45.8,58.9,71.2,46.8,42.4,31.8,37.4,42.8,42.9,42.1,42.6,35.4,32.6,25.5,16.2
평일,2호선,233,대림,내선,94.5,55.5,29.1,50.5,63.9,88.6,60.2,47.2,32.6,22.7,34.8,26.8,30.4,37.5,42.9,42.7,38.5,42.9,41.6,45.5,52,56.7,65.2,69.4,82.2,89.5,80.6,50.2,38.3,31.3,31.5,36.4,38.5,51.7,32,24.3,17.6,8.5,7.4
평일,2호선,233,대림,외선,33.7,29,38.7,50.9,60.7,72.5,72.2,60.5,40.9,36.8,36.7,29.7,33.8,31.5,31.3,40.4,32.4,31.5,32.6,33.1,34.3,40.6,37.1,41.7,49.4,57.6,75.3,52,46.8,34.8,44.2,49.6,50.3,48.8,49.4,40.8,37.7,28.3,19.9
평일,2호선,234,신도림,내선,29.6,34.7,32.5,55.1,83.1,129,91.7,66.5,46.5,28.1,44.8,28,34.8,42.1,47.4,47.4,42.4,43.6,42.6,40,42.3,49,47.2,52.1,45,66.1,68.9,39.6,28.1,23.8,22.7,26.1,27.9,39.2,26,13.7,15.8,6.5,6.4
평일,2호선,234,신도림,외선,26.3,28.9,32.2,46.3,51.8,69.6,64.5,48.3,30.5,25.8,26.5,24.9,34.5,31.7,30.7,39.4,33.1,31.9,34.3,35.3,37,43,38.5,46.5,55.8,64.9,76.2,50.7,34.2,33.5,49.7,46.2,38.6,57.4,57.6,35.4,25.7,15.2,8.1
평일,2호선,235,문래,내선,29.4,34.5,32.5,52.2,76.9,122.1,86.6,72.3,47.6,38.5,44.2,39.2,41.5,42.2,47.4,47.8,42.1,43.9,42.6,40.5,42,49.6,51.2,55.7,48.2,63.6,74.3,41.3,33.1,24.7,30.5,31,29,42.4,28.3,35.8,20.2,11.1,6.2
평일,2호선,235,문래,외선,27.1,38.3,39.5,45,75,77.3,44.8,32.1,21.6,20.2,21.2,22.4,29.6,28.6,28.5,37.1,29.4,32.6,37,37.1,37.5,57.8,51.3,68.1,73,94.4,97,67.1,43.5,45,68.1,63.2,51.4,74.4,63.7,57.5,25.5,18.1,8.6
평일,2호선,236,영등포구청,내선,30.8,33.6,32.7,53.7,75.9,117,80.1,68,44.4,36.2,47,37.7,42,43,46.7,44.7,42.8,43.8,42.2,39.1,39,47.1,51.7,54.8,48.7,65.1,72.1,39,31.3,23.8,28.7,29.5,28,39.8,25.6,31.4,18.4,10.2,5.7
평일,2호선,236,영등포구청,외선,25.3,36.8,37.6,43.7,76.4,83.5,51.4,34.1,23.6,20.5,21.8,22.5,30,28.5,28.4,36.9,29.8,32.3,36.8,36.6,37.5,56.7,51.2,65.5,69,90.9,96.2,66.6,40.5,44.3,69.4,58.9,49.5,75.3,55.9,56.5,22.4,20.8,9.3
평일,2호선,237,당산,내선,29.7,31.8,33.1,54.4,72.9,112,83.5,69.1,47.9,36.8,50.3,40.5,45.2,46.5,49.9,48.1,48.6,43.1,44.8,41.8,40.9,49.2,59.6,53.9,51.3,70.6,71.1,39.9,33.6,22.9,28.9,29.5,27.3,37.1,24.5,31.2,17.6,10,5.3
평일,2호선,237,당산,외선,21.4,33.1,31.1,37.5,73.7,78.8,46.2,29.9,20.8,20.3,18.7,20.5,27.8,25.4,26.7,35.2,29.1,30.5,35.9,34,36.5,54.2,49.3,61.2,65.1,81.5,96,63.8,42.1,46,71.7,59.4,51.1,82.1,59.5,58.6,24.8,22.2,11.2
평일,2호선,238,합정,내선,27.2,29.4,33.1,48.5,67.3,106.3,76.9,61.5,45.5,33.5,48.6,36.9,41.3,40.9,48.3,44.6,42.9,41.1,38.9,38.6,34.9,41.6,49.2,41.1,42.8,55.1,50.4,32.5,25.3,18.1,21.7,25.8,22.6,29.9,22.5,25.6,15.3,9.7,4
평일,2호선,238,합정,외선,25.9,33.3,31.1,39.7,75.1,79.8,48.3,28.8,20.7,19.6,16.7,24.8,27.1,26.6,27.6,36.1,30.4,32.5,35.1,36.8,40.8,60,49.3,61.4,68.7,88.2,95.8,61.7,48.1,48.6,76.3,64.9,51.8,87.7,64.3,52.1,30.5,21.5,13.1
평일,2호선,239,홍대입구,내선,22.5,29.6,36,52.3,71.5,116.8,79,63.3,43.2,32.6,47.9,40.8,36.8,40.6,44.6,43.5,40.9,39.8,36.1,38.2,33.7,40.8,45.2,41,38.4,48.9,42.4,29.6,24.6,20.2,24.6,32.9,29.8,40,30.6,31,23.7,12.3,4.7
평일,2호선,239,홍대입구,외선,15,22.7,19.4,26.4,48.9,50.9,32.5,21.1,16.3,16.2,15.6,22.6,24.4,24.4,26.5,32.5,29,30.6,33.9,36.6,38.5,55.5,45.6,60.9,60.7,87.4,87.6,56.5,44.6,47.8,70.6,54.4,48.2,77.7,53.4,46.6,27.3,17.6,12.6
평일,2호선,240,신촌(지하),내선,23.5,27.8,35.4,51.5,69.2,111.1,84.1,58,42.6,30.3,48.3,37.6,36.3,40,42.8,42.5,39.2,39.5,36.2,39.9,34.3,42.6,46.4,42.3,38.4,48.6,41.3,27.8,25.5,21.4,24.7,35.2,32.3,43.5,32.5,33.8,24.9,12.7,4.4
평일,2호선,240,신촌(지하),외선,14.8,16.5,15.2,21.3,36.5,38.9,27.2,17.5,18.1,18.6,17.1,27,33.2,29,34,40.8,34.5,37.7,39.9,44.6,48.9,60.1,48.7,69.4,68.7,100.2,96.8,59.5,47.4,50.5,71.4,50,47.2,68,49.8,39.1,22.4,17,9.6
평일,2호선,241,이대,내선,23.9,27.9,35.5,51.3,70.6,110.8,84.3,58.5,43.5,29.1,44.3,37.9,36.5,38.9,43.2,42.6,41.2,37.6,38.5,40.7,35.2,40.4,48.7,42.2,39.5,47.9,43.4,28.1,24.7,22.6,23.8,36.1,33.8,39.7,33.5,31.8,27.1,12.6,3.7
평일,2호선,241,이대,외선,12.8,16.1,13.9,23.1,36.5,39.5,28.9,19.5,20.7,20,18.4,28.4,34.3,28.3,34.8,40.3,34.9,37.1,38.6,43,47.5,56.5,47.5,68.7,66.9,100.8,98.1,58.3,47.7,50.7,65.9,44.5,44.1,60.5,48,36.1,21.5,16.3,9.6
평일,2호선,242,아현,내선,21.5,30.2,36.9,48.5,75.3,114.5,91.4,58.7,44.3,29.7,45.2,38.7,37.4,39.7,44,43.3,41.5,37.8,38.8,41,35.4,40.5,48.9,42.3,39.5,47.9,42.7,27.8,24.3,22.3,23.4,35.7,33.3,36.5,36.6,31.2,26.4,14.1,4.2
평일,2호선,242,아현,외선,11.9,16,13.7,22.1,37.1,39.6,29.2,20.6,21.9,20.8,19.2,28.8,35.3,28.9,34.9,40.6,35.8,37.4,40.1,41.7,50.3,55.8,46.9,68.4,68,106.1,100.5,59.2,48,51.5,66.8,45.2,46.1,65.2,50.6,32.1,22.6,17.4,10.6
평일,2호선,243,충정로,내선,22.6,30.6,37.3,48.8,70.8,112.7,89,58.7,48.3,30.4,42.4,41,39.3,41,44.9,44.8,42.5,39.1,40,42.4,37.8,40.7,50.9,44.6,45.4,52.2,44.8,29.9,26.1,22.6,23,36.3,33.4,36.5,36.6,31.1,26.4,14,4
평일,2호선,243,충정로,외선,10.4,18.4,12.6,22.3,36,38.3,27.1,20.5,21,21,19.1,29.2,33.1,29.8,35.7,39,36.5,39.2,39.1,41.7,49.4,57.6,47,69.6,71.7,106.9,99.4,59.9,48.5,54.3,68.6,46.3,47.5,65.7,50.4,30.5,23.5,17.1,8.1
평일,2호선,201,시청,내선,22.1,28.3,32.1,43.8,63.3,97.5,76.5,52,46.9,28.5,40.6,40,38.6,40.3,44.3,44.8,42.5,40.1,40.9,44.8,39.8,44.2,54.3,51.3,51.8,63.2,54.5,32.6,28,24.7,24.7,38.7,35.7,37,38.1,30.3,25.3,13.9,3.9
평일,2호선,201,시청,외선,10,19.1,13.5,26.3,41.5,41.6,30.2,22.5,22,23,19.9,31,33.8,30.1,36.9,40.2,37.4,39.8,39.8,42.2,50.1,54.9,48.3,68.8,73.1,109.2,100.4,59.7,48.3,55.1,61.8,48.4,49.9,66.8,51.7,31.4,24.1,17.7,8.3
평일,2호선,202,을지로입구,내선,14.9,23.3,23.7,30.5,47.3,67.7,54.2,39.8,36.5,23.1,35.5,36.7,36.9,39.2,39.1,46.1,44.9,40.2,45.3,47.6,47.2,47.5,59,62.8,64.8,85,68.9,41.6,32.1,33.8,29.3,46,42,42.6,42.8,33,33.3,14.2,4.7
평일,2호선,202,을지로입구,외선,9.8,23.3,16.6,31,48.8,55.3,43,28.7,24.1,24,20.1,30.6,31.8,31.1,36.6,37.6,36.5,38.9,37.4,40.3,47.2,50.6,45.4,64.1,67.8,99.2,83.7,53.4,43.7,60,49.7,44.3,46,62.5,49.4,29.8,22.8,16.8,7.8
평일,2호선,203,을지로3가,내선,14.9,22.8,22.2,28.5,42.3,58.6,42.7,36.6,33.5,22.8,34,32.4,38,38.5,37.4,44.3,42.2,40,44.2,47.1,46.1,46.6,59,65.8,69.1,83.7,68.1,42.1,33.6,32,28.2,46.2,43.1,41.7,44.3,32.1,36.4,14.2,4.5
평일,2호선,203,을지로3가,외선,15.1,28,20.7,41.2,66.1,77,69.1,38.2,33.6,28.2,24.3,35.8,34.3,32.5,39.2,37.4,38.3,38.4,37.2,38.8,45,46.2,43.8,58.4,56.5,80.6,72.1,44.8,37.7,47.4,42.2,34.8,40.9,49.5,38.8,22.8,19.6,14.7,5.3
평일,2호선,204,을지로4가,내선,14.9,21.5,20.6,28.1,36.9,53.2,42.6,35.3,33.1,22.7,34.5,33,39,39.8,38.6,45.7,44,42.2,46.5,50.7,48.4,50.4,63.8,71.2,76.8,87.9,77.5,49,33.8,33.6,29.4,48.4,44.5,42.7,48.7,32.1,37,13,8.6
평일,2호선,204,을지로4가,외선,15.7,31.3,23.3,50.9,74.4,83.7,72.4,39.3,35.1,26.3,24.8,34.9,32.6,30.8,37.7,34.5,35.9,35.2,34.5,35.5,41.6,42,43.3,50.6,49.9,67.8,63.5,40.1,36.8,44.2,40.4,32.9,37.7,45.7,35,20.5,17.3,13.2,4.9
평일,2호선,205,동대문역사문화공원,내선,21.2,27.1,28,38.7,49.3,71.4,56.8,46,42.6,27.8,40.1,42.2,45.7,47,45.2,55.2,51.9,48,54,54.2,53.9,55.2,70.1,78.6,83.4,84.5,79.6,49.3,30.1,31.5,28.3,41.1,45.2,38.9,45.9,28.9,32.8,11.6,8.2
평일,2호선,205,동대문역사문화공원,외선,15.7,33.3,23.3,65.8,81.2,92.1,73.8,42.2,38.8,26.7,27.8,37.4,33.2,32,41.3,36.5,35.6,37.2,35.3,38,41.6,41,43.6,48.9,47.4,65.7,63,39.9,36.3,44.2,40.4,33.1,38.2,46,35.9,20.9,16.3,13.9,5.1
평일,2호선,206,신당,내선,19.9,30.6,27.8,39.1,54.6,77.1,65,48.5,46.8,28.9,41.3,43.1,46.3,48.1,47.2,53.7,52.6,48.5,54,54.5,53.7,55.5,70.9,78,84.3,77.8,74,46.9,30,28.8,26.7,36.3,41.8,33.9,49.8,27.4,32.2,14.1,7.7
평일,2호선,206,신당,외선,20.6,29,22.5,63.9,77.1,89.8,65.8,42.5,37.5,29,31.8,38.4,36.2,33.9,43.9,40.3,39.2,42.6,37.8,42.9,50.4,43,52.1,54.2,56.6,76.8,82.6,50.2,47.3,57.8,51.1,41.1,50.7,57.2,44,25.3,18.6,15.2,6.1
평일,2호선,207,상왕십리,내선,22.3,31.1,28.8,41.4,55.6,79,68,50.3,47.6,29.8,39.3,43.5,46.4,48.2,47.4,53.8,51.9,48.3,53.3,53.9,52.9,54.9,69.6,79.9,78.9,75.2,72.8,46.2,28.8,27.7,25.6,35,39.7,32.2,47.1,25.9,29.8,13,6.9
평일,2호선,207,상왕십리,외선,18,25.3,24.8,61.5,67.9,86.3,61.6,40.5,37,28.2,31.3,37.5,35.1,36,42.6,39.6,38.1,43.2,38.5,42.8,53.1,45.6,51.3,54.7,62.3,77.9,89.6,55.4,47.6,60.4,52.9,42.5,53.7,56,42.3,25.3,19.8,15,4.2
평일,2호선,208,왕십리,내선,19.4,25.6,23.4,32,45.8,69.9,64.4,42.5,46.6,26.4,33.3,39,37.7,38.5,43,45.1,44.2,39.3,45.3,39.8,42.9,39.1,52.8,56,54.5,47.9,49.8,31.3,18,19,16.8,21.7,25,21.4,29.8,16.5,21,8.5,5.7
평일,2호선,208,왕십리,외선,15.9,24.2,23.1,57.6,63.8,82.1,54.7,38.9,34.1,27.9,30.6,36.4,34.6,35.4,42,39,37.7,43,38.5,43.1,53.5,46.1,50.1,55.5,65.1,81.9,84.6,57.7,48.7,63.2,50.2,42.9,57.4,55.2,43.9,26.6,18,16,4.7
평일,2호선,209,한양대,내선,19.1,24.1,22.1,29.9,42,63.6,60.6,38.2,44.1,22.6,30,37.3,36.8,37.6,40,41.6,41.9,39.7,42.4,39.9,44.7,39.2,53.2,60.5,53.9,49.1,51.8,30.9,19.4,20.9,14.5,22,25.1,22,27.1,16.3,20.6,8.3,5.6
평일,2호선,209,한양대,외선,12,14.2,14.6,37.2,40.1,49.9,31.3,24.6,22.6,19.2,22.5,27,25.7,27.2,30.5,30.3,28.4,33.8,31,35.3,44.7,38,41.6,47.1,54,74.8,72.1,49.5,41.4,58.7,44.8,39.7,52.2,50.7,37.8,22.3,14.7,12.7,3.8
평일,2호선,210,뚝섬,내선,18.7,21.3,19.6,28.4,33.7,51.6,48.2,31.9,31.8,20.9,24.3,33.2,33.7,35.4,36.6,39.3,38.9,38.5,41.1,39.7,43.7,39.8,52.6,63.7,55.9,54.8,56.7,33.1,21.5,21.7,16.7,21.7,29.2,23.3,27.2,18.8,20.5,9.6,4.6
평일,2호선,210,뚝섬,외선,9.5,18.2,13.9,37,40,50.1,31.6,26.4,24.6,17.6,25.8,27.5,22.5,26.9,29.4,28.6,28.1,33.5,28.9,35.1,41.1,36.2,38.7,42.7,53.2,74.9,63.8,48.6,39.4,57,41.6,39.8,50.8,48.4,31.1,21.6,14.4,10.8,4
평일,2호선,9001,성수E,내선,0,0,0,0,0,0,0,0,0,0,0,0,0,0,0,0,0,0,0,0,0,0,0,0,0,0,0,0,0,0,0,0,0,0,0,0,0,0,0
평일,2호선,9001,성수E,외선,8.7,18.8,17.1,37.2,42.2,55.2,37.6,30.9,30,19,28.2,28,23.2,27.1,30,28.3,28.3,32.4,28.2,32.9,39.1,33.2,36.1,37,47.8,60.7,55.9,42.5,34.9,49.3,36.9,35.2,45.5,44.5,28.5,20.1,13.5,10.6,4.2
평일,2호선,9002,성수,내선,0,0,0,0,0,0,0,0,0,0,0,0,0,0,0,0,0,0,0,0,0,0,0,0,0,0,0,0,0,0,0,0,0,0,0,0,0,0,0
평일,2호선,9002,성수,외선,2.1,4.8,5.5,7.4,8.4,13.9,12.6,10.1,9.1,8.7,7.9,9,8.2,9.5,10.4,11.9,10.6,11.4,14.7,17.2,19.5,22.3,24.7,32.3,42.9,69.6,53.5,29.8,27.5,29.2,26.1,26.4,25.1,27.5,18.5,12.2,9.1,6.1,4.7
평일,2호선,244,용답,내선,20.3,15.9,18.5,25.3,44.6,70.2,77.5,45.7,29.6,18.6,19.1,16.1,16.2,16,17,17.3,17.3,15.5,15.1,15.8,15.3,15.4,18.9,21.5,21.8,20.7,11.5,7.6,7.2,6,5.2,5.1,3.6,4.3,2,2.3,1.4,1.3,0.3
평일,2호선,244,용답,외선,1.7,4.2,6.3,6.6,9.8,13.2,14.1,10.5,9.8,8.1,9.1,8.2,8.1,9.3,10.6,11.6,10.4,10.9,13.5,15.4,17.6,18.8,22.8,29.1,38.2,61.4,46.2,25.7,23.2,24.7,20.8,22.1,20.5,21.8,14,10.1,7.3,4.4,3.4
평일,2호선,245,신답,내선,16,13.3,16.5,22.7,36.9,60.1,59.6,37,26,15.9,16.7,14.4,15,14.4,15.5,16.1,15.7,14.1,14.1,15.1,14.2,14.6,17.6,21,19.2,21.2,11.5,7.6,7.2,6.1,5.3,5.2,4.1,4.8,2.8,2.4,1.7,1.5,0.3
평일,2호선,245,신답,외선,2.1,4.3,6.9,7.7,10.6,14.8,15.2,11.3,10,8.3,9.3,8.4,8.3,9,10.4,11.6,10.1,10.6,12.9,13.4,14.8,17,20.4,25.8,34.4,45.3,42.9,25.7,19.7,22,18.5,18.8,17.3,18.2,11.2,9.4,5.7,3.6,2.7
평일,2호선,250,용두,내선,12.6,11.9,14.2,19.4,31.6,51.5,50.9,31.7,20.3,15.7,13.6,13.6,14.3,13.9,15.1,15.8,15.4,14.1,13.9,15.2,14.2,15.6,17.3,21.3,19.2,21.7,12,8.1,7.6,6.1,5.5,4.9,4.7,5.2,3,2.7,2,1.7,0.4
평일,2호선,250,용두,외선,2.2,4,6.2,6.9,9.9,12.9,13.3,9.2,8,7.2,7.1,7,7.4,7.8,8.1,9.7,9,9.1,9.6,11.7,12.9,15.8,17.9,20.4,29.4,40.6,36.5,21.8,16.3,18.8,15.8,16.1,15,16.1,11.1,8,4.5,2.6,2
평일,2호선,246,신설동,내선,10.1,10.6,11.8,16.6,27.1,44.6,44.1,26.1,17.7,13.8,12.2,12.6,11.3,13.1,13.3,13.8,13.6,12,11.7,12.8,12.4,13.3,15.1,18.1,17.4,16.2,10.7,7.1,7,5.7,5.1,4.5,4.2,5.4,3,2.7,1.9,1.5,0.4
평일,2호선,246,신설동,외선,0,0,0,0,0,0,0,0,0,0,0,0,0,0,0,0,0,0,0,0,0,0,0,0,0,0,0,0,0,0,0,0,0,0,0,0,0,0,0
평일,2호선,9003,신도림W,내선,4.7,10.5,10.9,15.1,26.4,33,24.6,15.4,12.4,13.1,10.8,11.7,13.2,13.2,14.7,15.4,16.9,17.4,18.7,22.3,25.2,29.6,36.2,47.3,64.1,88.8,97.1,65.4,45,38.4,35.9,30.4,34.3,33.5,33.2,24.5,17.6,8.4,4.4
평일,2호선,9003,신도림W,외선,0,0,0,0,0,0,0,0,0,0,0,0,0,0,0,0,0,0,0,0,0,0,0,0,0,0,0,0,0,0,0,0,0,0,0,0,0,0,0
평일,2호선,247,도림천,내선,4.8,10.8,10.9,14.9,24.8,32.1,23.1,15.9,12.5,11.8,10.6,11.5,12,12.9,14,15.1,16.3,17,18.1,22.4,24.8,29.4,33.1,43.2,59.4,79.7,100.9,73,49.2,37.7,35.3,30.1,33.7,32.9,32.4,23.9,17,8,4.3
평일,2호선,247,도림천,외선,30.8,32.7,54.3,68.7,103.4,109.5,79.6,53.9,36.8,26,23.3,19.8,22.3,19.5,20.5,19.8,17.8,16.6,16.3,17.3,17.9,20.1,22,25,30.5,36,32.3,20.3,14.9,12.7,11.5,10.2,10,10.3,8.3,6.7,4.4,1.5,0.9
평일,2호선,248,양천구청,내선,6.1,10.3,10.3,15.4,26.2,32.2,21.5,15.9,11.9,11.4,10.1,10.9,10.4,11.7,11.9,12.5,13.5,14.4,14.5,18.5,19.7,23.8,26.6,34.2,47,65.3,79.5,56.2,37.3,29.3,26.9,23.6,25.3,22.4,27.4,20.9,15.4,6.9,3.1
평일,2호선,248,양천구청,외선,31.2,32.1,53.8,68.1,102.8,109.8,80.4,53.3,36.7,25.4,22.6,19.4,21.5,19.1,19.7,19.4,17.5,16.3,15.6,15.9,17.4,18.6,21.3,24.1,29.8,34.9,32.2,20,14.8,12.6,11.4,10,10,10.4,8.3,6.9,4.5,1.5,0.7
평일,2호선,249,신정네거리,내선,7.5,11.5,12,16.2,27.1,35.8,22.3,16.2,11,10.9,9,9.8,8.9,9.9,10.1,10.2,10.4,10.6,10.3,12.8,13.4,15.5,18.1,20.9,30.9,41.8,48.7,33.4,22.5,17.5,16.5,14,15.2,14.1,15.2,11.5,8.7,4.3,1.9
평일,2호선,249,신정네거리,외선,24.1,25.1,39.9,52.3,79.9,87.5,54.8,39.6,25.5,18.1,17.2,16,16.2,17.4,15.5,15.8,14.3,13.4,13.8,14.3,15.6,17,19.3,26.2,28.9,36.2,24.7,18,12.9,11.1,11.6,10.1,9.1,9.7,7.9,5.7,2.6,1.2,0.5
평일,2호선,260,까치산,내선,0,0,0,0,0,0,0,0,0,0,0,0,0,0,0,0,0,0,0,0,0,0,0,0,0,0,0,0,0,0,0,0,0,0,0,0,0,0,0
평일,2호선,260,까치산,외선,12.4,14.2,23.7,32.4,55.8,56,34.9,25.7,16.5,11.6,11.5,10.9,11.5,11.9,10.9,11.4,11.1,10.1,11.5,12.4,14,14.3,17.7,25.7,28.5,36.3,28,20.5,13.2,11.6,11.5,10.7,9.5,9.1,8.1,6,2.9,1.1,0.6
평일,3호선,309,지축,상선,16.9,12.6,11.2,17.7,14.6,22.6,16.2,13.9,15.8,11.2,15.2,17.5,17.7,18,21.8,21.4,23.4,21.7,29.4,33.3,32.5,31.6,44.5,42.6,58.9,99.5,92.3,76.1,59.1,34.8,42.3,43.3,30.7,34.6,37.5,31.8,29.4,29.5,0
평일,3호선,309,지축,하선,41.3,36.4,55.5,83.5,85.1,103.6,68.8,69.1,38.2,41.1,35.4,36.5,29.2,30.7,29.4,27.1,28,23.2,25.8,23.6,23.3,23.1,28,26.8,26.4,27.4,24.4,17.7,14.2,10.2,12,11.8,8,9.8,9.5,6.9,5.4,4.3,3.4
평일,3호선,310,구파발,상선,17.4,9.5,7.4,8.8,12.4,12.5,8,7,9.7,7.9,9.1,10.5,12.7,11.1,22.6,21.4,17.8,12.5,23.2,26.8,33.3,32.3,25.2,45.1,51.1,53.5,50.3,45.3,32.1,27.3,22.6,28.1,24.4,21.4,20.6,26.3,9.6,7.9,0
평일,3호선,310,구파발,하선,18.3,28.3,39.9,58.3,61,77.4,53.6,38.9,35.4,38.8,32.6,32.4,22,30,27.2,34.4,26.1,21.6,19.6,24.1,30.4,25.4,25.2,17.4,25.1,17.2,16.1,11.3,9.2,10.1,8.9,9.1,10.6,9.8,8.8,7.6,3.9,2.4,3.4
평일,3호선,311,연신내,상선,18.1,12.4,9.9,11.4,15.1,16.2,9.7,9.8,12.2,11.2,11.8,14,16.4,19,23.7,26.4,22.8,21.7,24.9,34.8,39.7,38.1,37.4,50.9,59.8,66.4,72.1,45.9,40.4,32.9,33.1,28.6,31.5,26.7,32.1,26.6,16.5,8.1,3.7
평일,3호선,311,연신내,하선,26.8,33.9,42.4,61,71.5,83.6,61.4,50.7,38.9,38.8,45.1,29.4,24.9,31.6,28.9,37,26,24.7,18.6,25.1,29.4,30,22,16.7,20.3,15.3,15.4,11.4,8.2,8.4,8.1,8.4,9.8,8.8,8,6.9,3.7,2.5,2.8
평일,3호선,312,불광,상선,16.5,12.8,11,12.2,16.7,18,11.2,11,14.4,12.6,13.5,17.1,19.1,21.4,28.3,29.8,27.1,25.7,30.5,43.2,50.1,47.4,46,66.6,75.8,86.5,93.8,61,52.7,42.4,41.9,35.9,39.9,34.7,40.7,31,22.2,11.5,6.6
평일,3호선,312,불광,하선,36,37.5,51.1,64.5,89,102.6,73.6,60.4,49,41.6,50.9,33.8,32.3,32.1,33.5,42.9,30.5,28.7,22.3,27.2,33.1,34.9,25.6,20.4,22.9,19.4,17.7,13.3,9.5,9.6,9.3,9.7,11.8,9.7,8.8,8.2,4.9,2.9,2.9
평일,3호선,313,녹번,상선,16.2,10.9,9.3,11.7,14.7,15.4,10.8,10.9,14.1,12,12.8,16.6,18.6,21.2,29.4,28.6,26.4,25.6,31.2,45.9,50.7,46.8,46.9,66.9,77.2,88.9,91.9,64.3,53.1,42,43.2,36.2,40.8,35.8,42.1,32.3,23.3,12.5,8.2
평일,3호선,313,녹번,하선,42.1,42.2,58.1,74.4,101,115.3,87.4,68.3,55.5,46.2,54.6,33.7,37,34.3,35.8,45.6,32.6,29.9,23.3,27.8,33.5,35.9,26.4,20.7,23.4,21.1,16.6,13.8,9.7,9.6,9.2,9.4,10.8,9.1,8.5,7.4,4.5,3.2,2.6
평일,3호선,314,홍제,상선,14.6,10.5,9,10.9,13.5,14.6,10.5,10.7,13.7,12.3,12.3,17.2,18.7,22.2,30.2,29.3,26.9,27.3,34,48.9,54.4,50.4,53.3,81.9,86.2,101.5,97.3,72.4,59.8,48.2,46.8,42.3,44,40.6,47.2,36.8,26.4,14.5,10
평일,3호선,314,홍제,하선,47.6,44.4,56.2,81.2,106.2,128.6,94.1,75,60.2,53.6,56.7,39.2,39.8,33.9,41.3,49.4,40.2,29.9,27.8,26.9,35.5,38.6,30.3,21.8,26.2,21.5,17.4,13.7,9.8,9.8,9.1,10.2,10.8,8.9,7.7,8.4,4.3,2.9,2
평일,3호선,315,무악재,상선,12.2,10.3,8.6,11.3,13.1,14.1,10.8,11,14.5,13,13,18,20.1,22.8,31.9,30.8,28.8,28.8,36.2,54.2,59.1,54.3,57.5,88.9,93.3,109.7,105.7,74.3,64.5,52.6,49.3,48,47.4,48,50.4,36.6,27.6,12.8,11.2
평일,3호선,315,무악재,하선,48.8,45.4,57.5,83.3,109,126.1,104.1,78.7,63.1,54.5,57.9,40.1,40.2,36.2,41.5,48.8,40.7,30.5,28.2,27.2,35.8,38.7,32.2,22.3,25.4,21.9,18.2,13.5,9.8,9.5,9.5,10.3,11.2,9,7.6,8.2,4.3,2.9,2
평일,3호선,316,독립문,상선,11.6,10,8.5,11.2,13,13.9,10.8,11.6,14.2,12.9,13,18.1,20.3,23.1,31.6,31.6,28.3,30.4,37.6,59.8,57.9,56.6,58.7,90.5,95.2,111.7,108.2,76.4,66.2,54,50.7,50.1,47.8,49.4,51.9,37.8,25.6,13.4,11.8
평일,3호선,316,독립문,하선,33.8,46.9,58.2,82.3,106.8,126.1,104.6,80.5,64.7,54.9,58.7,43.4,38.9,37.4,42.2,50.3,43.2,30.5,30.1,26.8,36.7,40.8,33.8,23,26.5,23,18.4,13.5,11.2,9.4,9.7,10.1,11.5,9.2,7.7,8.2,4.3,2.8,1.8
평일,3호선,317,경복궁,상선,11.5,9.9,9.1,12.4,13.4,14.8,11.3,12.1,14.2,13.4,14.6,18.7,20.7,24.7,33.2,32.7,27.6,31.1,39.7,59.3,58.8,57.3,61,99.7,96,116.1,105.8,75.5,67.4,55.5,49.9,50.8,48.8,50.4,53.7,38.8,26.4,13.9,7.1
평일,3호선,317,경복궁,하선,34,43.8,56.5,78.1,101.6,119.4,101.2,76.8,63.4,55.9,59.6,48.6,42,43.5,45.6,60.2,53.3,40.3,40.6,39,49.8,58.5,49.5,35.5,38.9,42.2,28,20.9,16.3,14.7,14.4,17.1,17.9,13.4,12.8,11.4,5.5,3.3,1.7
평일,3호선,318,안국,상선,12.3,11.7,11.3,16.2,20.3,27.6,27.8,24.3,28.3,23.8,24.9,30.8,32.3,34.9,45.6,42.5,35.2,38.3,45.7,65,63.4,59.6,63.9,97.7,96.6,110.4,105.4,76.7,63,53.2,48.8,49.2,47.7,49.9,53.5,38.8,26.6,14.2,7.4
평일,3호선,318,안국,하선,33.6,41.9,52.4,71.7,91.3,111.8,90.6,71.3,62.6,53.9,57.7,48.4,43.9,46.3,47.9,63.9,60.6,52.4,46.9,50.6,63.8,81.2,65.4,49.9,55.7,64.9,38.9,30,22.5,21.3,19.8,24.4,22.8,19.1,15.5,13.3,7.7,3.5,1.7
평일,3호선,319,종로3가,상선,12.6,13.6,17,26.5,34.8,38.9,41.3,35.2,38.3,33.8,33.6,42.5,43.7,43.8,57.7,50.9,42.9,44.1,51.2,68.8,65.5,58.7,63.9,94.6,92.1,105.4,99.1,72.3,61.3,49.4,47.4,46.8,45.3,48.8,53.1,37.9,23.1,14.3,7.4
평일,3호선,319,종로3가,하선,28.7,33.8,41.5,57.7,71.7,86.2,78.3,59.4,50.2,43.5,45.5,40.2,35.3,37,39.2,53.5,52.3,45.5,39.5,45.3,51.1,71,60.7,43,48.7,60.1,38,27.8,20.5,19.5,19.2,22.2,21.3,19,16.8,13.3,9.5,3.8,2.5
평일,3호선,320,을지로3가,상선,6.7,9.4,12.6,21.8,27.8,35,33.8,32,31.9,27.8,29.1,36.5,37,38.9,48.6,44.5,36.3,36.9,44.5,55.7,53.2,48,53.3,73,78.6,90,82.6,60.6,50.7,41.5,36.7,39.5,36.3,39.4,43.4,26.4,18.4,11.5,6.5
평일,3호선,320,을지로3가,하선,24.8,29.9,31.4,45.3,54.9,67,61.4,51.8,43.5,39.3,41,36.8,33.2,33.7,36.2,51.1,49.2,44.1,38.4,43.1,48.6,68.8,57.4,45.2,51.5,67.5,42.9,29.7,22.5,21.2,21,24.6,24,24.3,18.9,16.4,11.9,5.1,3
평일,3호선,321,충무로,상선,7.8,9.1,12.5,22.3,31.5,42.3,39.5,33.9,28.6,29.1,28.3,34.6,35.4,37.3,46.4,40.6,34.2,35.5,43.5,51.8,49.8,43.8,49.9,64.9,69.2,73.5,73.2,54,42.9,36.9,31,33.1,30.2,35.4,36.7,21.9,15.5,10,5.6
평일,3호선,321,충무로,하선,23.6,35.9,35.2,52.4,61.8,73,66.9,61.9,50,42.7,44.9,41,34.4,35.2,40.1,51.7,55.9,47.9,38.2,45.2,50.2,73.3,59.1,48.6,53,70.7,47.9,31.7,24.2,21.5,21.3,24.9,24.3,26.9,19.5,17.5,12.6,5.8,2.8
평일,3호선,322,동대입구,상선,7.9,9,12,21.8,34,44.9,39.5,35.3,26.5,27.1,28.7,36,34.9,40.1,47.2,44.1,36,37,45.8,56.5,54,46.4,56.1,71.1,77.4,76.4,85.7,64.3,51.4,43.2,36.3,37.2,33.6,38.6,41.3,23.8,15.6,10.8,5.5
평일,3호선,322,동대입구,하선,23.4,34,33.8,50.1,59.3,70.1,60.7,60.1,47.5,40.6,41.9,40.3,31.8,34.6,39.1,46.3,56.1,48.9,38.6,44.8,49.3,74.5,63.1,49.7,54,72.3,49.6,33.7,24.7,22.4,22,25.7,25,28.1,20.1,17.6,14.4,6.3,2.6
평일,3호선,323,약수,상선,7.6,9.2,12.6,23.9,34.8,46.6,43.1,37,30.2,25.1,29.5,36.2,35.1,40.5,47.8,41.6,35.8,36.3,44.9,54.8,53,44.4,54.1,68.2,71.6,73.7,84.3,62.1,48.1,40.9,33.2,36.1,31.1,36.6,39.5,23.1,15.4,10.8,5.6
평일,3호선,323,약수,하선,31.3,39.5,39.6,60.3,70.5,86.7,73.2,71.9,55.2,46.8,46.8,45.9,36,38.4,42.9,49.9,61.8,52.9,41.4,47.2,50.6,73.5,68,54.3,50.3,73.8,55.8,35.4,26,23.4,22.9,26.7,26.3,29.8,22.4,19,15,6.7,3.9
평일,3호선,324,금호,상선,9.7,8.7,12.5,23.6,34.4,48.1,44.2,37.6,31.3,25.9,30.9,39.6,37.2,43.7,51.9,43.8,38.7,40.1,49.3,61.3,54.3,52.1,63.8,78.2,84.3,91.4,94.9,74.6,55.9,48.6,38.8,41.9,36.8,44.8,44,25.8,17.9,13.5,7
평일,3호선,324,금호,하선,34.1,42.7,38.7,59.6,73.2,89.3,75.7,73.5,58.2,47.3,47.5,46.4,36.4,38.6,42.8,50,61.6,52.6,41.1,46.8,49.7,69.6,70.3,53.4,49.2,71.8,53.8,33.7,26.8,22.5,22.5,25.5,23.4,29.3,21.4,17.9,14,6.3,3.5
평일,3호선,325,옥수,상선,8.3,7.9,11.5,22.5,33.3,46.9,38.2,36.2,30.1,24.7,31.7,38.8,36.3,45.8,50.4,40.8,39.2,40.6,51.7,62,55.3,52.9,64.6,79.2,85.6,94.6,97,76.2,57.2,49.7,39.7,43.1,37.8,46.3,45.3,26.6,17.4,12.2,3.8
평일,3호선,325,옥수,하선,38.9,46.6,43.1,64.7,79.6,99.6,86.3,82.9,67.2,50.8,54.4,51.1,39.4,39.5,47,53.1,66.1,55.6,44.8,46.9,52.4,71.5,73,54.6,50.6,72,55.1,35.3,26.9,22.5,22.6,25.5,23.3,29.2,21.2,18.7,14.5,6.7,4.4
평일,3호선,326,압구정,상선,7.8,8.5,12.7,22.3,32.8,45.6,36.2,35.8,30.2,25.3,33,40.1,37.7,48.3,53.5,43.7,41.4,45.2,57.7,70.9,61.4,58.4,74.1,89.8,95.6,108.5,104.9,82.1,62.8,54.7,43.3,49.7,41.3,52.2,50.6,29.5,18.8,12.8,2
평일,3호선,326,압구정,하선,13.4,43.6,40.1,60.8,71.8,88.2,74.9,65.1,55.2,45.1,45.7,51,37.5,37.4,44.7,46.5,63.2,55.6,47.8,49.3,53.4,76.2,74.9,57.4,53.4,78.6,63.5,40.4,32.2,28,27.1,27.6,28.2,34.3,25,20.5,14.8,6.8,4.1
평일,3호선,327,신사,상선,7.4,10.3,13.5,24.1,36.8,52.5,45.1,48.3,37.6,31.3,38.2,44.5,41.2,53,54.3,44.4,43.6,45,56.5,67.2,59,55.1,73.7,85.1,87.1,103.3,94.2,71.3,53.8,47.8,37.8,43.7,38.1,49.3,37.3,25.4,15.9,12,2.4
평일,3호선,327,신사,하선,12.6,37.6,33,45.7,53.8,68.6,58.7,45.1,37.5,34.2,34.6,41.4,30.6,33.6,34.2,40.4,55,45.3,40,41.2,44.4,63.6,66,54.2,44,70.5,57.7,40.9,30.5,28.2,26.6,28,28.2,39,24.4,21.4,14.9,6.8,3.5
평일,3호선,328,잠원,상선,7.6,11.2,13.7,24.2,36.2,49.7,47.1,56.8,44.6,31.3,36.5,39.4,37.3,50.5,48,39.8,38.4,40.9,51,58.9,49.9,46.9,63.8,71.3,72.4,81.9,75.5,51.6,40.7,36.4,29.3,32.7,28.9,38,28.4,19.3,12.1,9,2.4
평일,3호선,328,잠원,하선,13.1,37,32.8,46.5,55,69.7,62.4,45.3,38.1,34.8,35.4,42.2,31.1,34.1,34.5,40.9,55.3,45.7,40.2,41.3,44.7,62.2,68.5,55,44.6,65.4,59.8,40.3,30.2,28,25.7,28.2,27.9,38.4,23.9,21.8,15.2,8.3,3.3
평일,3호선,329,고속터미널,상선,7.5,12.2,14.1,23.9,35.8,49.1,46.8,56.3,44.6,31.2,36.4,38.5,37.5,50.4,45.6,40.6,39.1,41.2,51.6,59.1,50.3,46.9,63.6,71,72.8,83.6,74.2,52.3,41.3,36.3,30.5,33.1,29.6,39.1,29.3,20,12.4,9.4,2.6
평일,3호선,329,고속터미널,하선,16.2,42.9,37.9,59.5,74,90,91.8,56.5,51.6,39.5,38,44.1,32.3,35.8,36.1,42.6,60.1,48.9,40.2,43.5,44.5,62.3,71.1,57.9,47.7,64.6,60.3,39.9,31.2,29,27.5,25.9,30.1,35.9,23.3,20,14.9,8.9,4.2
평일,3호선,330,교대,상선,8.4,13.5,18.5,28.8,39,49.8,43.4,50.8,37,30.9,39.6,42,40.4,52.9,47.7,42.8,40,43.4,58.8,66.4,53.8,58,75.6,85.5,85.3,109.4,90.1,62.6,46.9,38.8,33.9,38.8,33.9,46,34.1,21.1,12.3,10.5,2.8
평일,3호선,330,교대,하선,20.9,42.5,36.3,51,63.5,87.7,71,43.4,38.8,28,27,33,25,28,29.7,35,45.7,41.1,33.7,35.3,37.1,52.7,60.2,49.1,42.1,54.5,53.1,33.9,26.7,24.5,23.6,23.4,27,33.8,22.2,17.9,15.2,8.4,3.3
평일,3호선,331,남부터미널,상선,8.1,10.4,17.2,29,37.2,47,43.2,42.7,32.1,27.4,34.9,36.7,35.5,45.3,39.4,34.6,32.9,34.8,46.4,54.7,43,47.2,63,71.7,72.8,90.3,69.3,49.1,34.4,30.4,26.2,29.6,27.1,36.6,23.1,16.5,8.6,8.4,2.1
평일,3호선,331,남부터미널,하선,18.6,33.2,30,43.5,54.7,65,50.6,33.5,29.3,22.7,21,26.7,20.3,23.3,24.4,29.6,36.7,35.1,29.3,29.5,30.9,43.6,51.8,45.9,39.7,55.6,48.2,31.3,25.4,23.7,21.3,22.5,28.8,29,20.8,16.4,13.7,7.6,2.7
평일,3호선,332,양재,상선,8.7,11.3,18.1,30,37.7,48.8,48.2,40.7,29.4,27.9,31.7,31.8,31.1,40.2,33.4,28.3,28,30.1,40.6,42.4,33.7,41.6,51.6,56.2,54.8,69.1,57.2,39.1,27.7,23.7,21.8,23.5,20.9,28.2,17.8,13.5,7.5,5.4,1.2
평일,3호선,332,양재,하선,8.3,23.1,19.3,27.5,31.1,34.9,28.8,18,15.8,15.5,14.6,19.4,17.3,17.3,19,23.1,28.8,29,24.8,24.9,27.2,36.7,46.5,46.3,36.9,51.2,50,31.5,23.6,22.6,21.1,22.9,26,27.7,19,15.9,12.8,6.8,2.1
평일,3호선,333,매봉,상선,9.7,11.3,18.2,30.4,41.2,52.1,55.6,43,30.3,25.3,27.2,27.7,26.4,34.4,28.4,23.2,22.8,22.7,29.8,30.8,25.2,29.9,36.5,38.2,34.3,39.6,33.9,22.3,15.9,13.8,12.8,13.7,12.3,18.7,12.5,8.9,5.2,4,1.4
평일,3호선,333,매봉,하선,8.9,20.4,17.8,25.4,27.3,28.8,20.4,15.5,13.1,13.5,13.6,16.6,15.8,17,17.4,21,27.1,28,26.4,24.2,26.3,36.5,45.4,46.6,37.6,52.1,52.5,31.1,23.1,22.3,21.9,22.1,26,26.3,20.9,15.3,12.1,7.3,2.5
평일,3호선,334,도곡,상선,8.8,12.2,17.3,29,43,53.8,60.7,38.1,31.4,23.8,26.3,26.6,25.4,32.5,27,22,21.2,20.7,26.8,28.3,23,27,33.4,33.6,30,32.4,28.1,19.7,14.2,12.2,11,11.7,10.4,18.8,11.4,7.2,5.1,3.7,1.5
평일,3호선,334,도곡,하선,7.9,18.5,15.9,22.5,23.6,25.9,19.4,12.3,11,11.2,11.3,13.8,13.5,14.8,15.1,18.3,23.8,23.6,22.6,21.2,22.8,29.5,41.8,38.3,33.1,45.2,44.3,26.1,21.6,18.8,18.9,18,21.9,23.5,18.2,14.9,10.1,8.1,2.8
평일,3호선,335,대치,상선,7.5,10.4,17.5,26.3,41.1,47.8,50.8,33.7,27.6,21.1,23,22.5,21.1,28.1,23.4,19.3,18.1,17.7,22.7,23.4,19.2,23.6,25.3,32,26.1,27.8,22.4,15.6,11.6,9.8,8.9,9.8,8.8,15.9,8.3,6.4,4.6,3,1.4
평일,3호선,335,대치,하선,8.5,16.8,15.1,18.9,23.2,23.5,16.8,11,10.2,9.4,10,12.2,11.7,13.2,13.2,15.8,19.5,19.8,19.5,18.5,19.6,25.7,36.1,35.1,30,42.5,40.2,23.7,19.9,17.4,17.6,16.6,20.4,27.2,19.7,11.8,8.8,6.8,2.4
평일,3호선,336,학여울,상선,5.9,9.1,15,22.8,37.3,44.3,48.2,30.5,26.2,19.4,21.6,20.5,19.7,24.7,20.1,17.7,17.1,17.7,21,23.2,18.5,22.7,24.9,29.3,24.1,25,21.1,13.7,9.7,8.2,7.6,7.7,7.4,8.9,6.3,5.5,4.1,3,1.5
평일,3호선,336,학여울,하선,8.7,15.6,15.5,18.7,22.8,24.3,15.9,10.9,9.9,9.2,9.3,11.9,11.6,13,12.6,15.2,18.1,20,19.2,17.3,19.8,25.7,35.7,35,29.8,40.7,39.4,25.5,19.8,18.7,16,16.3,20.1,26.8,19.3,11.4,8.5,6.7,2.3
평일,3호선,337,대청,상선,7.6,7.9,14.4,26.3,36.8,45.8,44.7,30.1,24.4,19.9,21.3,19.9,20.7,24.1,19.9,17.4,16.6,17.4,20.7,22.8,18,22,25,28.3,22.8,26.1,18.2,13.4,9.6,8.1,7.5,7.5,7.2,9.2,6.3,5.5,4.1,3,1.5
평일,3호선,337,대청,하선,8.9,14.5,14.4,17.1,20.5,22.9,13.6,10.4,9.3,8.7,9,10.4,12.1,11.8,12.4,14.2,15.9,18.5,18.1,16.3,20.1,21.2,32.6,34.9,27.5,38.8,34.5,23,17.5,16.5,13.8,13.8,16.7,21.8,16.3,9.6,6.6,6.8,1.8
평일,3호선,338,일원,상선,6.9,6.3,13.4,22.6,33.4,40.8,41.8,28.4,19.1,17.9,19.1,17.7,18.5,21.7,18,15.7,15.1,15.9,18.9,19.3,16.4,18.8,22.5,25.5,19.4,22.3,16.4,11.8,8.7,7,7.4,7,6.7,8.6,6.2,5.2,4.3,3.2,1.5
평일,3호선,338,일원,하선,8.3,11.7,9.9,11.8,16,19.2,14.9,8.1,7.8,6.4,7.8,8.9,12,9.2,10.3,12,13.6,15.7,16.2,15,19.5,19.9,30.1,36.3,27.7,32,37.2,21.5,15.9,14.1,13.7,12,15,18.7,14.1,8.4,7.7,5.8,1.4
평일,3호선,339,수서,상선,6.8,5.6,14.5,23.3,29.5,43.3,37.2,26.6,16.8,17.2,16.8,14.3,16.4,18.4,14,14.3,12.9,13.4,15.3,15,12.5,13.9,17.3,17.3,15.1,20.4,14.8,10.3,7.8,6.5,7.1,6.4,6.7,7.7,6,5,3.9,2.4,1.6
평일,3호선,339,수서,하선,7.9,8.3,8,10.1,15.1,17.6,15.5,7.5,7.9,5.7,7.4,8.7,11.6,8.3,10.4,12,13.2,13.9,14.8,14.4,18.7,19.2,28.8,35.6,27,31.7,34.7,18.6,16.3,12.7,12.9,10.9,13.8,15.9,14.8,7,7.8,5.4,1
평일,3호선,340,가락시장,상선,12.2,22,23.7,31.6,41.7,47.8,39.8,26.6,17.8,15.4,13.6,13.2,16.1,16.4,12.2,12.5,11.6,13.4,14.8,13.5,11.1,18.2,17.8,18.4,21,22.1,13.8,10.8,7.4,6.4,7.4,6.4,6.5,7.8,6,4,3.4,2.4,1.5
평일,3호선,340,가락시장,하선,0,4.9,4.7,6.1,9.7,12.9,11.8,6.5,5.6,6,5.7,6.9,7.2,7.2,6,7.7,7.9,8.5,8.9,10.2,11.6,16.9,18.2,22,16.6,17.6,27.1,20.4,12.3,10.4,10,8.9,13.2,12.9,9.8,8.1,8.8,3.5,2.1
평일,3호선,341,경찰병원,상선,9.3,13.6,15.6,20.4,29.1,30.5,24.1,17.3,10.4,10,8.6,8.6,10.2,10.5,7.5,8,7.1,8.3,9.9,8,7,12.6,10.1,11.8,11.4,13.2,7.9,5.4,4,3.4,3.9,3.4,3.6,4.4,3,2,1.7,1,0
평일,3호선,341,경찰병원,하선,0,3.9,3.6,4.5,6.8,9.2,7.5,3.9,3,4.4,4.2,5.5,5.3,5.6,4.4,6.1,6.1,7,7,8.6,8.9,14,15,18.1,15,15.2,21.9,15.3,9.2,8,7.9,7.2,10.3,10.1,7.3,6.2,5.9,2.5,1.1
평일,3호선,342,오금,상선,7.6,11.1,12,16.2,24.2,25.7,20.6,14.8,8.8,7.6,6.9,6.4,8.1,7.7,6.3,6.3,5.7,6.2,7.2,5.7,5.3,9.2,7.7,8.6,8.1,8.7,6.3,4.1,3.1,2.4,3,2.5,2.7,3.5,2.3,1.5,1.4,0.8,0
평일,3호선,342,오금,하선,0,0,0,0,0,0,0,0,0,0,0,0,0,0,0,0,0,0,0,0,0,0,0,0,0,0,0,0,0,0,0,0,0,0,0,0,0,0,0
평일,4호선,409,불암산,상선,0.3,6.8,1.4,2.6,3.5,3.2,1.7,1.1,1.3,2,0.8,2.4,2,3,2.6,3.7,3.5,2.4,3.6,4.7,5.3,6.5,6.7,7.8,9,12.1,8.8,5.9,5,3.4,5,2.4,4.2,4.9,4.1,3.8,5.6,3.6,1.4
평일,4호선,409,불암산,하선,5.5,7,8.6,13.1,20.3,22.9,13.8,14.4,9.5,5.8,8.1,8.2,6.8,6.7,7.9,6.8,6.2,4.2,6.8,5.9,6,6.2,5.6,5.5,6.5,5.6,5.7,3.6,2.6,2.1,2.4,2.7,2.3,2.2,2,1.6,2.5,1.6,0
평일,4호선,410,상계,상선,0,9.3,3.9,5,4.9,4.4,2.8,2.5,2.2,3.1,3.6,3.7,3.5,3.9,4.8,5.2,5.5,5.9,6.4,7.5,8.6,9.9,8.7,12,13.2,15,13.1,10.1,8.1,6.4,6.5,6.6,6.9,6.5,7.8,6.9,5,4.3,2.3
평일,4호선,410,상계,하선,11.7,13.8,17.4,24.2,35,39.6,23.7,23.7,12.5,14.6,12.4,14.1,10.3,11.5,12.8,12.2,10.4,8.9,10.4,10,10.3,10.7,9.9,8.2,9.3,9.8,7.6,5.9,4.1,3.9,4.4,4.9,3.9,5.3,4.1,3,4.5,2.3,0
평일,4호선,411,노원,상선,0,13.1,5.9,8,8.5,6.6,4.9,4.5,3.9,4.6,5.9,5.5,5.8,6.8,8.6,8,9.2,9.1,10.7,13,13.8,16.2,15.5,20.5,23.5,26.1,24.6,18.7,14.6,11.9,11.9,11.5,12.4,10.5,13.8,12.5,8.1,6.8,4.1
평일,4호선,411,노원,하선,13.9,18.3,23.7,32.3,45.2,56.7,31.2,31.9,16.8,20.3,17.5,19.2,15.3,17.5,18.4,17.5,14.9,15.3,14.6,17.1,16.8,16.5,15.6,14.6,14.4,15.2,12.6,10.3,7.6,7.6,8.3,9.8,9.6,12.1,9.1,7,9.2,5.6,0
평일,4호선,412,창동,상선,0,20.4,10.4,12.1,13.5,12.9,10.3,9.6,8.6,7.7,10.2,9.5,9.5,11,14.3,13.8,15.5,14.7,17.1,19.7,20.8,24.1,23.5,32,36.4,41.7,40.9,29.7,21.6,17,16.8,17,17.6,14.9,21,17.5,11.9,10.2,5.6
평일,4호선,412,창동,하선,23.3,24.9,30.5,45.3,61.7,74.2,47.1,54,28.8,31,28.5,29.3,24.1,27.1,26.2,25.5,21.6,23.6,20.7,23.5,25.7,25.1,23.2,18.2,19.1,18.3,17.2,13.3,10.2,9.7,10.4,10.6,10.9,13.9,11,8.8,10.7,9.7,3.3
평일,4호선,413,쌍문,상선,0,27.2,15.1,14.7,16.8,16.7,14.4,12.7,11.6,11.2,14.2,14.3,13.9,15.8,19.8,19.8,22.7,21.5,25.1,28.9,29.6,33.8,34.3,48.8,55.1,63.1,62.8,46.3,32.4,26.7,25.5,27.6,26,23.5,32.9,28.2,20.2,10.2,7
평일,4호선,413,쌍문,하선,34.7,29.6,39,54.6,79.3,86.2,69.2,67,35,37,33.1,34.5,31.5,29.8,30.2,30.4,25.8,24.8,21.8,25.6,27.1,24.4,27.6,19.7,19.9,19,17.3,13.8,10.1,10,10.1,10.5,10.5,13.1,12.3,7.8,9.9,8.4,2.7
평일,4호선,414,수유,상선,36.5,20,14.5,13.1,15.4,15.4,13.8,11.7,11.8,11.4,14.2,14.7,14.6,16.7,20.9,21.4,24.4,24,28.8,33.5,34.4,37.8,41.1,60.9,67.5,71.1,79.2,58.2,40.7,33.8,30.8,34.1,32.6,29.9,43.3,35.6,24.2,14.1,10.1
평일,4호선,414,수유,하선,42.3,35.1,42.5,66.5,89.3,101.3,79.1,74.8,45.5,42.5,37.1,39.4,36,31.8,37.5,35.4,29,26.7,26.3,28.6,30,27.8,29.6,21.5,21.1,21.3,17.9,13.6,11.1,10.1,10.3,10.5,11.3,11.8,12.3,8.2,9.9,7.6,2.5
평일,4호선,415,미아,상선,32,18.8,14.2,11.9,14.9,13.8,15.2,11.9,12.6,12.1,15.1,15.6,15.8,17.5,20.6,25.3,26.5,26.2,31.9,37.6,41.6,41.6,47,72.9,75.4,79.2,94,70,47.1,40.2,37.5,39,37.8,37.1,53.8,39.8,29.9,16.7,12.8
평일,4호선,415,미아,하선,46.7,35.3,46.5,67.7,95.1,103.9,85.4,75.3,49.3,43.4,39.7,40.7,37.8,33.7,40.1,37.6,31.2,28,28.1,29.3,31.8,31.3,32.7,23,20.5,24.8,18.2,13.9,11.3,10.5,10.4,10.6,11.8,12.4,12.4,8.1,9.4,8.2,2.4
평일,4호선,416,미아사거리,상선,29.4,16.9,14.8,12.6,16.8,14.6,15.7,12.1,13.5,12.7,15.7,16,16.3,19.7,20.5,26.8,28.5,26.8,34.5,41.5,44.6,40.7,56.5,76.6,76.6,88.1,95.1,73.8,47.9,44.4,38.6,41,38.4,40.4,62.2,42.4,32,17.9,14
평일,4호선,416,미아사거리,하선,54.8,40.2,51.7,73.6,103.4,111.5,102.8,79.8,55.9,46.3,42.3,44.2,39.1,35,44.1,38.7,34.7,29.4,29.7,31,34.7,32.3,34.6,24.4,20.7,25.5,18.4,14.9,12,11.2,10.9,10.7,12.1,12,12,9,9.3,7.6,2.3
평일,4호선,417,길음,상선,27.8,16.7,14.8,11.8,16.8,14.7,14.3,11.9,13.7,13.8,16.7,16.2,16.4,22.6,23.3,27,30.2,28.4,36.5,44.6,47.6,43.7,64,84,83.6,100.3,101.6,82.1,48.9,48.3,42.1,44,40.2,48.4,68.5,44.1,34.8,19.6,15.1
평일,4호선,417,길음,하선,59.5,44.3,56.3,83.1,108.8,124,113.5,87.3,63.4,45.4,50,47.4,41.8,37.2,49.4,40.6,38.6,29.2,34.2,31.4,36.6,33.5,37.7,25.7,23.1,25.8,19.7,15.3,12.2,11.7,11.1,10.2,12.2,11.3,12.6,8.4,9.2,6.8,2.1
평일,4호선,418,성신여대입구,상선,24.8,16.5,15.2,11.1,15.6,15.8,13.1,12.3,14.4,14.4,17.6,16.6,18.6,25.1,24.8,28.5,32.1,31,39.1,48.2,51.3,46.8,71.6,88.8,92,111.6,112.5,83.9,55.7,49.5,47.6,47.8,44.2,58.4,65.1,52.5,38.6,21.8,16.8
평일,4호선,418,성신여대입구,하선,72.6,47.8,58.4,86.8,117.4,131.8,120.3,100.2,70.9,49.6,57.3,51,46.6,41.5,51.7,47.2,42,32.5,37.8,35.1,41.2,37.3,43.3,30.9,25.7,28.7,22.3,17.6,14.4,13.8,12,12.3,14.4,13.9,14.8,10,10.6,9.7,3.8
평일,4호선,419,한성대입구,상선,24,17,16.1,12.3,15.3,17.8,15.1,13.5,16.1,16,18.7,18.1,20.5,26.6,27.1,30.9,34.8,33.1,45.6,52.5,56.2,52.4,78.4,95.2,99.9,115.5,124.8,91.9,57.3,53.9,52.4,51.2,48.4,63.1,72.7,58.7,42.5,19.8,17.1
평일,4호선,419,한성대입구,하선,57.4,49,59.3,82.7,118.9,129.8,130,103,76.6,50.4,57.9,50.6,50.7,43.3,53.6,49.9,44.5,34.3,42.2,32.9,44.4,40.5,46,33.5,27.3,30.9,24.6,18.5,15.5,15.4,12.4,13.5,16.6,15.5,14.6,10.6,11.2,10,3.7
평일,4호선,420,혜화,상선,24.2,19.8,14.9,12.9,16.4,18.8,17.9,14.1,18.1,17.3,19.9,18.6,22.5,27.3,28.9,31.9,36.2,34.1,47.3,53.4,60.2,51.1,80.3,94.6,114.9,111.9,127.2,93.1,57.6,57.1,53.7,54.8,46.6,69.6,75.7,58.5,43.5,20.9,11.4
평일,4호선,420,혜화,하선,59.7,47.2,57.4,79.7,113.6,126.4,126.3,101.5,74.7,50.6,59.6,54.7,53.7,47.3,57,53,46.9,38.3,48,40.4,53.2,49.9,55.1,43.2,36,43.3,30.5,22.8,20.3,21.3,17.5,22,33.7,35.6,30.9,22.3,16.8,15.3,4.7
평일,4호선,421,동대문,상선,22.9,23.3,18.6,17.8,23.4,27.4,31.2,20.3,27.7,23.5,25.3,24.1,26.7,35.1,37.7,41.2,45.9,44.3,50.2,60,64.1,54.7,81.8,105.3,119.4,116.2,133.9,96.7,58.7,57.1,52,54.6,44.9,66.5,72.4,54.6,43.4,21.2,12.1
평일,4호선,421,동대문,하선,60.7,45.3,53.9,74.6,103,115.3,133.5,90.2,81,48.6,55.9,53.9,52.8,47.8,56.8,55.6,48.9,41.1,50.9,45.9,53.8,56.3,60.7,49.3,40.6,45.1,34.3,24.4,22.2,21,18.6,23.2,31.9,36,31,22.4,16.8,15.7,4.5
평일,4호선,422,동대문역사문화공원,상선,17.9,24.1,19.7,19.2,23.6,31,34.4,24.8,29.3,27.2,29.9,27.4,30.2,35.4,44.2,43.8,48.5,46.2,51.2,59.6,64.2,53.6,78.2,99.3,114.4,112.6,128.5,93.6,59.8,54,51.8,53.2,48.7,68.9,67.1,55,36.7,22.8,12.7
평일,4호선,422,동대문역사문화공원,하선,44.8,34.8,37.6,50.4,70.7,78.1,100.3,67.9,67.1,38.6,47.1,45.7,46,39,50.5,45.7,41.1,34.8,44.7,40.6,46.3,48.4,51.5,43.5,37.3,42.7,32.7,25,21,20.9,18.2,22.7,29,31.2,26.4,19.1,13.8,13.1,4
평일,4호선,423,충무로,상선,13.3,16.7,16.4,17.9,21.3,29,31.6,22.6,26,26.8,28.1,25.4,30.4,32.1,39.3,41.4,39.1,44.6,44,49.4,55.1,44.3,64.5,84.2,85.7,97.2,83.6,64.2,43.9,40.6,37.5,40,34.6,49.5,48.4,36.2,30.7,16.3,9.3
평일,4호선,423,충무로,하선,41.1,26.8,28.6,39.6,55,59.4,74.1,49.8,56.3,34.5,42.1,41.6,44.6,38.2,43.5,41.6,42.3,34.2,45.7,41.5,47.2,49.7,53.2,48.8,40.9,52.8,37.9,29.4,24.3,22.9,19.7,24.5,30.2,29.4,28.1,21.8,13.5,12.4,3.9
평일,4호선,424,명동,상선,12.4,17.2,16,22.1,25.6,36.6,39.6,28.2,31.3,30.8,30.4,27.3,32.4,34.5,40.6,41.6,39.5,43.7,42.8,45.4,51.2,40.8,62.7,72.3,72.2,79.8,66.1,50,35.5,33.3,30.5,33.4,28.6,42.4,41,31.4,26.3,13.9,8.5
평일,4호선,424,명동,하선,39.3,24.4,25.4,34.4,49,52.5,58.8,42.7,47,29.1,36.9,37.4,40.2,34.3,38.2,38.1,38.6,32.2,42,39.3,44.3,49.1,50.2,48.8,40.7,55.8,39.3,29.8,24.1,21.1,22.7,25.8,32.8,33.2,31.1,26.2,14.3,12.2,3.6
평일,4호선,425,회현,상선,12.8,19.4,20,24.7,30,42.9,48.6,31.6,34.1,32,30.5,28.2,33.6,38.1,39.3,42.1,39.7,41.8,42.3,42.1,45.7,39.7,57.5,65.5,65.3,68.7,59.2,43.2,30.8,29.7,25.6,27.4,22.8,32.4,30.4,23,20.6,11.2,8.4
평일,4호선,425,회현,하선,22.8,25.7,22.2,30.5,39.7,43.7,39,33.3,35.6,22.1,27.7,29.9,33.1,30.5,33.4,36.2,35.9,31,40.1,40.5,44.9,55.3,51.8,54.6,45.1,65.2,45.4,34.2,27,25,25.2,26,31.8,35,32.6,26.1,14.1,11.8,3.2
평일,4호선,426,서울역,상선,12.2,20.3,21.8,27.8,36.9,52.2,55.3,37.3,37.5,36.6,35.2,31.4,36.1,38.8,38.9,40.2,38.4,37.5,37.2,36.1,39.1,32.7,47.2,51.7,54.4,55.1,50.5,36.6,26.3,22.9,23.6,25.1,21.7,31.7,28.9,22.1,20.3,11,6
평일,4호선,426,서울역,하선,22.8,16.6,15,19.7,25.5,29.9,25,21.3,25.5,15.9,20.1,21,24.3,22.3,24.4,26.7,27.1,23.8,29.7,30.2,32.7,42.1,39.4,45.7,39.1,52.1,46,29.7,21.9,19,20.2,21.2,25.4,25.7,25,20.3,12.6,11.3,6.2
평일,4호선,427,숙대입구,상선,17.8,19,18,25.8,34.2,49.6,46.9,31.7,28.4,26.7,26.2,21.3,25.4,28.6,28.4,28.5,28.2,26.2,28.7,26.7,26.7,25.4,35.8,36.1,38.9,39.4,36.7,25.1,18.4,16.3,17,17.5,15.8,23.4,20.5,17.4,10.2,7.7,4.6
평일,4호선,427,숙대입구,하선,25.2,15.9,14.4,18.9,23.2,28.3,21.4,21.6,23.7,15.5,18.8,19.5,23.3,24.5,22.4,26.6,26.5,24.8,27.4,29.8,32.9,43.2,37.8,47.7,38.8,53,45.5,29.5,22.2,19.4,20.5,21.6,24.4,26.2,24.8,22.9,12.6,11.2,5.5
평일,4호선,428,삼각지,상선,16.8,19,18.3,26.2,36.9,53.8,46.8,32.8,27.4,26.4,25.9,22.1,24.7,27.9,28.3,26.9,27.1,28.1,26.7,25.2,24.5,24.8,35.2,36.5,37.1,37.1,36.4,24.4,17.8,15.6,15.9,16.4,14.8,22.7,19.3,16.5,9.6,7.4,5.1
평일,4호선,428,삼각지,하선,29.9,18.6,15.9,21.9,27.5,33.9,26,26.1,26,17.5,18.6,20,24.4,25.2,20.6,29.7,28,25.9,26.7,31.7,34,43.5,40.3,49.6,40.2,54.3,49.7,31,23.3,20.5,22,24.5,24.1,30.8,27.5,23.6,13.7,11.9,6
평일,4호선,429,신용산,상선,17.9,20.8,20,28.2,39.9,57.1,46.3,35.6,29.5,27.5,27,22.9,25.5,28.2,31.7,28.1,28.4,29.3,28.2,27.1,24.8,26.7,37.9,39.5,40.4,42.8,42.2,28.4,20.6,17,17.3,17.6,16,23.9,21.5,16.4,10.6,8,5.7
평일,4호선,429,신용산,하선,30.4,17.3,14.1,19.9,24.1,27.8,18.3,20.1,19.6,15,15.9,18,22,23.2,18.8,28.2,26.2,25.5,24.6,31,32.8,43.5,40.4,51.2,42.2,58.6,51.3,32.6,24.8,21.9,23.6,26.9,26.1,33.3,29.8,25.3,14.6,12.2,5.3
평일,4호선,430,이촌,상선,18.2,21.8,21.4,37.9,39.9,63.6,50.2,40.9,32.6,28.7,27.8,23.7,27.9,27.6,31.5,27.4,28.3,28.2,27.4,25.3,23.2,28.5,36.8,33.3,35.8,35.6,39.8,24.3,18.4,14.5,14.4,14.1,13.8,20.9,16.5,13.7,8.2,7.9,5.8
평일,4호선,430,이촌,하선,35.7,19.9,17,22.4,29.3,33.7,21.7,24.5,20.8,17.3,16.7,19.9,22.3,24.5,20.1,28.8,27,26.4,25.6,32.4,33.3,44.6,43.7,54.4,45.8,55.1,61.2,34.6,26.1,22.7,24.6,27.6,27.1,34.3,30.7,26.8,17.5,13.8,8.4
평일,4호선,431,동작,상선,17.9,28.4,21.4,39.6,42.7,67,46.2,43.6,34,31.2,28.1,24.6,29.7,29.5,30.8,34.2,27,30,28.8,26.4,23.8,32.2,38.9,35.7,39,39.8,45.2,24.4,21.4,16.4,15.2,16.3,15.9,27.1,18,16.7,9.1,8.6,6.3
평일,4호선,431,동작,하선,0,22.7,16.4,23.3,29.8,33.2,23.6,24.4,20.7,18.7,15.7,21,22.7,24.6,20.4,27.5,26.5,28.2,24,34.1,33.1,45.7,46.4,58.1,51.2,56.6,70.8,39.6,30.7,24.5,27.3,27.1,28.7,36.3,30.4,31.4,18.3,13.6,8.2
평일,4호선,432,총신대입구,상선,22.2,33.8,26.6,49.4,52.8,72.3,44.6,47,35.5,32.7,27,26.8,28.2,30.6,31.6,32.6,28,30.2,26.8,31,21.5,33.7,37.1,36.7,37.4,40.1,41.4,25,18.4,17.2,15.8,14.4,20.1,24.2,18.5,17,9.4,8.9,6.6
평일,4호선,432,총신대입구,하선,0,27.8,18.8,26.3,33.3,37.2,23,25.1,21.3,19.6,16.3,22.4,23.1,25.1,22.3,27.6,26.6,28,24.3,35.1,32.9,44.7,47.1,56.6,54,55.3,70.7,43,32.5,26.2,30,26.2,30.3,38.4,31.6,31.7,18.2,12.8,9.3
평일,4호선,433,사당,상선,20.7,36,28.3,49.8,61.1,77.9,53.5,56.5,34,36.9,31,30.3,27.5,36.6,31.4,32.3,28.3,33.6,29.8,34.9,24.2,36.4,40.3,35.8,39.9,44.5,49.3,25.3,20,16.6,17.4,14.2,21.1,24.2,19.6,17.6,9.4,5.4,8
평일,4호선,433,사당,하선,15.6,26.2,17.8,21.1,30.7,35.7,17.2,18.8,11.4,17.6,11.9,15.3,12.2,18.5,17.1,22.6,22.1,22.7,20,23.6,26.6,32.9,49.1,40.9,45.6,49.4,65.1,36.2,31.8,19.4,36.2,23.5,30.6,35.8,27.4,24.8,9.4,13.5,0
평일,4호선,434,남태령,상선,30.4,43.1,49.5,84.2,105.9,124.8,80.8,100.8,70.7,65.7,58.4,46.4,53.5,47.4,43.7,60,44.8,42.4,38.6,48.9,35.1,46.8,55,57.9,64.8,75.2,74.7,39.3,29,22.9,21.4,18.8,23.9,21.7,20.2,13,10.1,7.1,0
평일,4호선,434,남태령,하선,15.8,35.3,31.4,46,53.4,63.3,33.2,29.7,21.8,26.2,27.5,30.6,30.1,30.4,33.9,37.3,38.1,36.3,39.7,58.6,52.9,54.5,70.3,95.5,91.1,98.8,128.2,72.1,57.6,52.1,56.6,43.6,48.4,59.4,45.4,38.6,41.8,26.9,0
평일,5호선,2511,방화,상선,0,0,0,0,0,0,0,0,0,0,0,0,0,0,0,0,0,0,0,0,0,0,0,0,0,0,0,0,0,0,0,0,0,0,0,0,0,0,0
평일,5호선,2511,방화,하선,3.3,3,4.3,6.2,6.9,5.8,4.6,4,3.8,3.7,3.9,3.5,3.6,3.6,3.3,3.6,2.9,3.1,2.9,3,3.3,3.4,3.3,2.3,1.8,3.1,2.5,2,1.6,1.5,1.1,1.1,0.9,1.1,0.7,0.5,0.5,0.5,0.1
평일,5호선,2512,개화산,상선,4,1.3,1.5,1.5,2.6,4.3,3,1.2,1.4,1.4,1.6,2.1,2.4,2.7,2.5,2.7,2.7,2.6,2.9,3.3,3.8,4.1,4.7,4.7,5.4,7,5.8,4.1,3.5,3.9,3.9,3.6,3.4,3.9,3.1,2.4,1.9,2,1.2
평일,5호선,2512,개화산,하선,6.8,5.1,7.5,11.1,12.8,11.1,9,7.1,6.8,6.1,6.1,5.9,6,6.1,5.6,6,5.2,5.7,5.2,5.2,5.4,5.9,5.5,4.2,4.3,6.6,5,3.8,2.9,3,2.3,2.2,1.9,2.2,1.4,1,0.9,0.8,0.2
평일,5호선,2513,김포공항,상선,5.9,3.2,2.7,3.2,5.8,8.8,5.2,2.1,2.3,2.3,3,3.7,4,4.6,4.5,4.5,4.5,4.9,4.9,6,6.5,6.9,8.5,8.3,10.2,13.4,10.9,7.6,6.2,7.3,7.1,6.5,6.3,6.9,5.2,4.5,3.4,3.3,2
평일,5호선,2513,김포공항,하선,5.7,7.4,11.1,18.9,23.6,27.5,26.4,18.1,18.8,15.1,13.1,13.5,12.4,12.5,12.5,13.8,12.9,13.7,12.4,14,15,15.1,15.2,12.1,11.3,15.2,22.9,17.3,11.3,10.6,9.2,9.1,8.9,10.1,9.1,7.3,4.5,4.9,2.5
평일,5호선,2514,송정,상선,31.1,14,11.8,13.7,18.4,19.2,11.1,5.4,5.5,7.3,8.8,10.5,12,11.6,11.8,11.8,11.6,12.3,12.9,14.4,15.4,17,18.6,22.6,25.8,36.6,22.9,13.2,11.6,14.5,13.8,12.9,11.6,13,9.3,7.4,5.6,3.6,2.1
평일,5호선,2514,송정,하선,7.6,8.7,12.5,20.7,27.1,30.3,31.5,20.4,21.1,17.2,15.6,14.5,13.9,14.2,14.1,15.5,14.3,15.2,14.4,14.8,16.4,16.6,17.5,13.3,12.3,16.3,23.7,18.9,12.9,11.3,10,9.4,9.4,10.6,8.9,8.3,4.3,5.5,2.3
평일,5호선,2515,마곡,상선,31.9,14.8,12.4,14.9,19.5,20.4,11.4,5.6,6.3,7.9,9.4,11.3,13,12.6,13,13.2,12.7,13.4,14.7,16.2,17,20,20.4,25.8,29,40.4,24.9,15.2,13.1,16.6,15.7,14.9,13.6,14.7,10.3,8.7,6.8,4.9,3
평일,5호선,2515,마곡,하선,8.8,9.4,14.1,23.7,29.4,32.7,28.8,20.7,19.4,18.3,16.9,15.9,15.7,16,15.7,17.5,16.8,17.7,17.8,19.1,20.5,23.2,23.6,20.1,17.6,26.3,30.6,26.2,18,15.8,14.6,13.3,13.2,14.7,11.6,10,5.1,6.1,2.4
평일,5호선,2516,발산,상선,39.6,20.1,15.7,18.3,26.2,31.2,20.1,9.2,10.9,10.5,13,14.1,15.9,15.1,16.1,16.3,16.1,15,17.1,18,19.4,22.6,23.1,28.6,32.7,41.6,27.8,18,15.3,18.1,17.1,16,14.6,16.4,12,10.1,7.7,5.8,4
평일,5호선,2516,발산,하선,10.7,9.7,14.6,26.6,32.2,33.3,24.4,20.3,18.9,19.4,19,18.6,19,20.5,18.7,21.2,21.8,21.4,23.2,27.1,27.4,32.5,32.5,32.9,27,41.9,44.5,35.8,25.8,22.9,22,21.7,20,24,17.6,15.2,8,8.4,1.8
평일,5호선,2517,우장산,상선,43.1,24.3,19.1,27.4,41,53.3,40.9,16.6,17.4,14.5,17.9,18.1,20.3,18.6,20.5,19.7,20.8,18.3,19.9,20.8,21.8,25.1,26.5,32.2,37.3,43.5,34.2,21,18.6,20.7,18.4,16.8,16,17.6,13.4,10.8,8,6.9,5.1
평일,5호선,2517,우장산,하선,15.7,14.4,22.1,35.4,42.7,42.6,30.9,25,22.5,23.4,22.6,21.8,21.5,23.4,21.3,23.4,23.6,22.5,23.9,28.5,29.7,34.1,34.7,34.8,28.6,39,45.1,36.9,27,23.2,22,22.1,19.6,24.7,17.7,15.1,7.6,7.9,1.5
평일,5호선,2518,화곡,상선,39.8,23.8,18.9,28.6,45.2,52.8,38.4,15.8,18.2,15.3,17.7,17.8,20.3,18.9,21.5,21.9,22.2,20.5,22.5,23.1,25.1,29,30.5,37.3,47.5,50.6,44.1,27.5,24.2,26.5,23.5,21.1,21.2,24.2,18.5,15.1,11.1,9.8,7.1
평일,5호선,2518,화곡,하선,20.9,23.4,33.3,55,67.8,68.1,49.5,37.7,32.2,31.6,29.5,27.6,27,29.1,28.4,28.2,27.8,26.6,26.5,31.1,31.7,36.4,37.3,37.9,29.8,39.5,45.3,37,27.6,23.7,22.8,22,19.5,24.4,17.5,14.7,7.6,7.3,0
평일,5호선,2519,까치산,상선,28.5,22.3,17.9,27.5,42.4,49.8,37.6,15.7,17.8,15.3,17.6,18.3,21.6,20.9,23.3,23.9,24.6,23.4,26,28.9,31.9,38,38.5,49.7,65.2,70.6,63.8,42.8,36,40.6,35.8,32.7,31.5,34.8,28.2,24.3,18,15.1,9.7
평일,5호선,2519,까치산,하선,29,27.8,38.1,60.7,79.9,82,61.2,45.5,37,35.5,31.5,29.3,28,29.8,29.7,28.8,26.9,25.5,24,26.7,27.2,30,31.3,30.3,23.5,28.8,34.6,29.4,21.8,18.2,17.2,17.6,14.4,17.7,14.1,11.7,6.2,7.3,4
평일,5호선,2520,신정,상선,18,16.3,13.5,20.7,29.4,34.1,24.8,11.3,13.7,12.2,14.1,16.7,18.9,18.8,21,22.5,23.7,23.5,26,31.3,33.4,40.8,43,54.3,70.1,80.2,68.8,48.1,43.2,45.3,42.7,39,37.4,41.8,33.6,29,22.4,18.6,13.7
평일,5호선,2520,신정,하선,35.9,31.5,44.8,70.5,91.2,96.2,70.8,53.4,42.3,39.7,34.7,32.7,30.7,31.9,32.2,31.5,28.5,27.1,26,26.2,27.1,31.1,32.1,31.3,24.6,27.1,33.9,29,22.5,18,17.1,16.6,13.7,17.9,13.6,11.8,6.6,6.7,3.7
평일,5호선,2521,목동,상선,15.5,15.5,12.7,19,27.4,31.6,22.2,11.1,12.8,12.7,13.9,16.7,19,19.5,22,22.9,26.2,24.4,27.9,33.4,37.9,43.3,47,59.2,77.1,87.2,76.4,53,49,50.6,45.6,45.6,42.3,46.2,37.7,30,26.7,19.4,15.3
평일,5호선,2521,목동,하선,39.5,35.8,46.4,80.4,103.2,108.3,79.1,60.3,46.2,43.6,39.1,36.7,35,34.6,35.2,34.5,30.5,28.5,29.3,29.1,29.4,34,34.7,33.5,25.8,28.1,34.8,29.8,23.3,19.3,18.3,17.9,15.2,20.1,14.8,12.4,7,6.5,3.7
평일,5호선,2522,오목교,상선,13.2,15.4,12.9,18.5,28.2,31.5,23.7,12,14.4,14,15.1,18.1,20.5,21.7,24.1,25.4,30.1,27.7,31.1,39.6,42.9,48.9,54,71.3,90.9,98.3,88.4,63.2,57.4,58,52.6,52,48.6,49.4,43,34.8,30.8,22.8,17.2
평일,5호선,2522,오목교,하선,41.4,38.2,50.8,86.5,109.6,116.6,84,63.1,49.5,45.9,42.5,39.4,37.3,37.5,36.8,38,33,31.2,31.9,32.1,32.4,37.7,39.2,39.8,29.3,34.3,39.1,34.1,26.5,25.7,22.5,22.8,19.2,25.9,17.4,14.7,8,7.5,4.1
평일,5호선,2523,양평,상선,11.9,16.8,13.6,22.6,31.9,38.7,26.1,15.4,19.3,17,18.3,22.9,23.7,25,27.8,28.7,35.4,31.1,35.2,43.9,48.1,52.1,64,78.7,94.4,113,96.9,68.4,62.9,60.2,55.8,54.7,53,51.2,47.1,38.2,34.2,25.2,18.9
평일,5호선,2523,양평,하선,45.8,38,52.7,91,114.7,120,83.6,65.4,50.5,47.6,43.8,40.6,38.4,38.5,38.2,39.5,34.3,32.3,33,33.5,33.6,39.3,40.5,42.6,31.9,38.2,41.6,36.1,28.3,26.5,23.3,23.8,19.6,26.4,18.2,15.3,8.5,7.1,4
평일,5호선,2524,영등포구청,상선,12.1,17.7,13.8,23.1,33.5,42.3,29.7,17.1,20.7,17.7,19.4,23.7,24.4,25.7,28,30.5,36.2,32,37.1,44.8,49.2,53.2,66.4,81.6,95.7,111.6,99.9,69.2,66.6,62.4,56.4,56.5,54.9,53.4,49.6,39.8,36,26.5,19.9
평일,5호선,2524,영등포구청,하선,35.8,29.8,38.2,67.3,91.2,101.7,65.8,50.4,38.5,36.2,33.9,31.4,29.6,30.2,30.3,31.1,27.8,25,24.6,24.6,25.8,27.4,30.2,30.8,22.7,27.2,29.6,27,20.7,18.3,16.5,17,14.5,18,13.9,10.9,6.7,5.6,3.1
평일,5호선,2525,영등포시장,상선,7.9,12.2,9.7,16.2,22.9,32.2,18.4,12.8,15,13.7,15,18.6,19.3,20.1,21.6,25.5,27,25.2,29.2,36,39.1,45.2,52.5,65.9,77.8,92.2,75.7,53.4,51.5,48.7,43.8,44.4,43,41.1,35.7,30.4,25.6,18.9,14.9
평일,5호선,2525,영등포시장,하선,36.8,30.6,39.1,70.3,95.4,107.7,67.7,50.6,39,35.3,34.6,31.4,29,29.7,29.6,30.6,26.9,25.4,24.4,25.4,26.6,29.1,31.8,33.7,26,29.9,31.3,28.1,21.8,19.7,17.2,17.7,14.6,18.2,14.6,11.9,7.3,5.4,2.7
평일,5호선,2526,신길,상선,9.2,11.2,10,17.2,25.2,35.4,21.8,14.5,16.3,14.9,16.4,19.5,20.2,21.1,22.6,26.1,28.1,25.4,29.7,36.6,38.8,44.9,52.5,66.2,80.7,91,78.3,53.9,54.5,48.9,44.8,45.9,44.2,42.8,35.5,30.6,27.2,20.2,15.7
평일,5호선,2526,신길,하선,43.5,36.2,44.7,84.1,114.2,124.7,87.5,59,45.2,37,37.8,33.9,31,32.3,32.2,32.2,30.2,26.3,25.4,25.9,27.7,30.8,33.9,34.5,27.6,30.6,33.7,30.2,22.1,19.9,17.4,17.5,15.8,19.2,15.2,12,7.6,5.5,2.4
평일,5호선,2527,여의도,상선,7.2,11.9,11.8,19,26.3,35.7,19.7,15.3,16.3,14.9,16.7,20.1,21.7,22.5,23.8,28.3,28.4,28.2,32.4,39.5,42.7,50.4,58.9,79.5,106.4,104.9,82.7,59.1,60.7,54.6,51.1,53.2,49.8,48.3,39.9,33.6,27.2,19.2,0
평일,5호선,2527,여의도,하선,34.7,28.9,34,58.9,82.2,101.6,68.2,49.1,37.1,32.3,34.9,33,30.4,29.8,31.8,33.7,30.8,28.2,27.7,29.1,31.6,36.6,41.3,57.8,49.6,54,52.2,47.4,34.9,30,27.3,27.5,23.6,27.3,19.8,15.1,9.1,7.1,2.4
평일,5호선,2528,여의나루,상선,11.6,16.8,19.6,42.9,63.5,69.5,39.1,24.7,23.7,18.5,20.2,23,23,24.7,26.5,30.6,29.7,28.4,31,35.6,38.8,47.6,52.8,66.9,87.7,86.9,70.2,45.6,46.3,41.7,40.3,43.1,40.5,38.7,34.4,28.7,21.1,15.9,3
평일,5호선,2528,여의나루,하선,33.7,26.6,31.6,53.3,74.1,94.7,70.1,47.8,37.1,31.2,34.3,33,30.2,29.9,31.9,34.6,31,29.4,28.3,30.3,32.6,38.7,43.8,63.6,57.8,61.9,60.3,52.7,40.9,35.2,32.1,32,27.7,30.1,24.5,17.5,11.7,7.2,2.4
평일,5호선,2529,마포,상선,11.6,18.2,22.6,49.9,76.4,80.9,42.4,29.1,25.3,21.3,23.5,25.9,25.6,27,29.5,33.2,32.3,30.5,32.9,38.1,40.5,47.1,54,71.3,83.5,90.7,64.2,44.7,45.5,40.5,38.2,42.2,38.4,36.4,32.2,26.9,20.7,15.7,3.3
평일,5호선,2529,마포,하선,33.4,25.6,31.7,53.2,71.4,92.7,67.3,45.2,37,30.9,34.4,33.1,31.1,30.9,33,34.8,32,30.3,28.9,29.8,34.1,39.9,45.4,61.5,58.9,63.6,59.6,51.6,40.5,36.2,33,33.3,29.3,31.4,25,17.6,11.5,6.8,1.7
평일,5호선,2530,공덕,상선,10.2,20.1,23.6,52.2,76.2,82.2,43,31.3,27.5,22.6,24,26.3,26.3,27,29.4,32.9,31.9,30.7,32.9,38.5,40.6,46.9,54.4,69.7,82.5,84.8,63,45.1,45.7,39.4,37.5,39.6,36.8,34.7,31.4,26.4,21.3,15.9,4.3
평일,5호선,2530,공덕,하선,28.5,25.3,31.8,52.2,69.9,95.7,70.5,45.5,36.5,31.9,36.1,35.5,32.3,31.3,33.5,36.2,32,30.2,29.5,28.5,32.1,37.2,40.7,53.6,50.4,50.6,52.9,42.8,35,30.9,28.8,28.5,25.8,27.3,22.9,16.4,11.9,6,4
평일,5호선,2531,애오개,상선,10.7,18.6,20.6,43.6,58.4,64.6,34.9,27.7,25,20.3,22.4,25.2,24.4,26.3,27.4,29.7,30.8,30,33.1,38.3,40.8,46.2,54,72.5,83.2,87,64.2,45.4,45.5,38.9,36,38.3,34.9,33.6,30.7,24.4,19.1,14.2,4.9
평일,5호선,2531,애오개,하선,19.9,22.2,31.3,53.3,72,96.1,78.6,45.1,37.6,31.9,35.8,35.8,32.8,31.1,33.7,36.1,33,30,29.3,28.3,32.4,35.7,40.5,53.2,49.6,49.4,52.2,42.6,34.4,30.5,27.9,27.9,25.4,25.7,21.8,15.6,11.2,5.7,3.3
평일,5호선,2532,충정로,상선,14.3,18.4,20,41.7,57.2,61,32.2,28.1,25,20.1,22.3,25.2,24.1,25.6,26.7,30.9,28.9,29.8,32.9,37.7,39.1,48.3,53.5,72.6,80.5,92.7,61.7,46.4,45.9,39.3,36.8,38.8,35.5,34,31.4,25.2,20,14.7,3.2
평일,5호선,2532,충정로,하선,19.9,22,30.7,46.8,68.5,89.7,76.1,42.2,36,30,34.9,34.7,31.3,30.4,32,34.5,32,29.4,28.6,27.7,31.6,35.1,39.6,48.2,50,48.4,51,41.8,33.8,28.6,28.5,27.1,24.9,25,21.2,16.8,11.7,6.2,6.1
평일,5호선,2533,서대문,상선,13.6,18,21.3,43.5,57,60.6,32.6,28.1,24.1,20.3,21.2,24.3,23.4,24.8,26.2,29.7,28.1,29.1,32.1,36.5,38,46,53.9,68.6,75.6,85.3,56.5,43.3,42.7,37.5,35.3,37.3,34.4,33.1,30.5,24.5,19.6,14,3.3
평일,5호선,2533,서대문,하선,21.1,20.1,26.5,38.9,54.2,67.6,59.5,38.4,33.9,28.4,33.9,36.8,31.8,31.1,32.1,34.2,31.7,30.6,30,29.7,35.6,40.1,44.5,56.3,56.8,59.8,57,46.1,36.6,31.7,31.6,30.3,27.6,26.2,24.6,17.7,12.2,6,5.7
평일,5호선,2534,광화문,상선,12.8,19.2,25.8,52.3,65.6,74.4,41.7,31.6,27.3,21.5,21.8,24.7,22.8,24.6,27.5,32,28.7,29.4,31.1,34.2,35.8,40.6,48.3,59,60.7,68.3,49.8,39.3,39.1,33.8,31.3,34.2,30.8,29.5,29.6,22.3,19.4,14.3,3.8
평일,5호선,2534,광화문,하선,19.7,15.9,19,26.9,35.6,41.6,27.6,24.7,23,22.7,27.8,30.8,27.6,30.4,27.9,32.9,30.8,32.1,32,35,41.3,48,52.1,69.5,71.1,79.8,67.4,57.4,47,40.5,40.9,42,37.2,34.4,35.2,23,14.3,7.1,5.9
평일,5호선,2535,종로3가,상선,15.7,23.8,32.1,60.8,82.3,97.1,67.9,44.7,38.7,28.1,28.2,29.9,27.2,27.6,29.9,32.2,30.1,29,29.9,30.6,33.5,34.2,42.7,47.9,47.9,42.5,37.6,31.8,28.9,25,22.6,24,21.9,21.7,20.3,17.1,15.5,11.3,3.8
평일,5호선,2535,종로3가,하선,8.1,17.3,16.1,23,30.7,35.2,20.6,18.3,16.1,16,19.4,21.8,20.5,24.2,22.8,27.5,26.3,28.5,29.3,33.3,37.8,43.6,49.5,62.5,67.7,75.4,61.6,55.3,47,40.4,40.6,43.3,39.8,36.4,36.4,25.9,17.5,8.3,6.2
평일,5호선,2536,을지로4가,상선,14.3,24.9,34.7,61.8,78.3,89.7,63.6,44.9,40.9,29.4,31.1,31.8,28.2,27.7,28.2,29.3,28.2,25.4,26.2,25.2,28.1,29.5,37.4,40.3,37,32.8,32,27.2,23.4,19.8,18,18.3,16.2,16.1,15.6,12.7,11.4,8.2,3.7
평일,5호선,2536,을지로4가,하선,8,15.7,14.2,20.1,26.2,29.1,16.3,14.5,13.4,13.2,16.5,19.4,17.9,21.5,20.2,23.8,24.3,25.1,27.3,31.6,35.1,41.7,47.3,62.3,69.4,77.2,63.2,56.3,46.9,40.7,41.1,42,40.1,36.5,38.3,26.8,18.7,9.7,6.2
평일,5호선,2537,동대문역사문화공원,상선,15.1,25.4,34.3,60.7,78.8,90.2,62.3,45.8,37.6,28.3,29.6,29.4,26,26,25.5,27.6,24.8,22.7,23.1,22.7,25,25.7,32.8,34.5,30.5,26.3,25.8,23.6,20,16.7,15.4,14.8,13.7,13.8,12.6,11.1,9.1,6,2.2
평일,5호선,2537,동대문역사문화공원,하선,12.4,17.6,14.8,20.4,26.9,30.3,16.5,13.8,13,13.2,15.4,18.4,18.2,21.5,22,24.2,25.5,27.3,29.2,34.2,38.4,45.7,51.9,69.6,73.1,79.1,67.2,54,50.1,44.2,42.4,42.8,43,40.7,38.8,28.9,20,10.9,6.8
평일,5호선,2538,청구,상선,17.9,26.7,36.4,64.2,79.9,88.9,64.8,51,43.4,32.5,34.7,32.8,30.4,29.5,28.5,30.5,27.8,25.1,24.8,24.3,26.2,27.4,33.3,34.4,29.1,25.9,27.1,25.7,22.3,17.8,16,14.8,13.3,14.1,11.9,12,8.4,6.2,2.6
평일,5호선,2538,청구,하선,16.9,19.5,16.8,24,32.4,35.8,17.7,15.1,13.8,14.4,16.2,20,19.7,22.7,24.2,25.7,28.2,28.6,31.7,36.5,39.2,49.4,56.4,70.3,78.6,81.5,68.9,57.6,53.3,46.9,44.9,45.3,46,43.8,41.4,31.3,22.3,12.1,7.6
평일,5호선,2539,신금호,상선,21.4,28.5,39.2,65.4,82.5,90,66.6,55.1,45.7,34.8,36.1,35.6,32.8,31.9,32.4,33.6,29.2,27.8,26.8,26.8,29.1,30,36.9,37.8,31.5,28.8,31.5,29.2,25.1,19.7,17.7,17.1,15.7,16.1,14.2,13.8,10.1,6.6,2.8
평일,5호선,2539,신금호,하선,18.4,22.6,16.4,25.4,33.8,38.6,20.6,15.1,14.6,14.7,16.4,20.3,19.4,22.6,24,25.9,27.8,28.6,31.3,37.1,37.7,49.3,57.7,65,76.7,77.9,70.1,55.9,51.9,46.3,43.8,45.6,43.5,42.5,40,29.6,24.1,11.2,9.4
평일,5호선,2540,행당,상선,20.3,27.9,38.2,63.2,83.5,85.5,62.8,53.5,43.1,34.5,35.4,35.2,31.8,31.5,32.1,32.9,29.3,27.8,27,27.3,29.5,31.5,37.1,38.2,32,29.4,33,30.6,26.1,20.1,18.2,17.9,15.7,16.8,15,14.4,10.8,7.3,3.4
평일,5호선,2540,행당,하선,22,24.1,17.6,25.8,35.6,43.4,24.1,16.2,15.7,15.6,17.2,21.3,20.2,22.7,24.4,26.3,27.7,28.3,30.8,36.5,37.2,45,57.5,63.5,75.7,74.6,67.2,53.6,51.5,44.5,42,43.8,41.5,41.1,38.9,31,22.8,10.6,8.8
평일,5호선,2541,왕십리,상선,18.8,26.8,37.2,64.3,79.6,81.3,60.2,51,41.8,33.3,34.2,34.3,31.4,31.1,32.2,32.5,29.4,27.8,27.4,27.7,30.6,32.3,37.3,40.5,33.1,30.5,35.2,32.2,27.7,20.7,19.3,19,16.7,17.9,15.7,15.7,11.8,5.2,1.9
평일,5호선,2541,왕십리,하선,14.1,27,19.8,26,37.6,46.2,26.1,16.3,16.7,16.5,20.3,22.8,24.2,27,28.6,29.7,34.2,34,36.4,43.8,46.8,56.4,72.3,82.6,98.3,93.5,87.2,66.6,74.2,58.9,58.5,58.6,56.7,56.6,54.9,43,35.9,17.8,12.7
평일,5호선,2542,마장,상선,32.1,35.2,48,81,106.3,107.5,80.3,75.6,55.1,45.4,42,43.7,38.6,40.7,40.3,40.6,36.4,34.6,33.6,32.6,35.5,38.4,44.7,47.6,39.2,35.7,37.8,35.3,27.7,22.4,20.9,19.5,18,17.9,16.7,16.2,12.1,5.5,2.2
평일,5호선,2542,마장,하선,8.5,25.8,19.8,26.2,38.1,46.1,26.8,16.1,16.5,16.4,20,22,22.9,26.8,28.2,29.6,33.9,35.2,34.1,43.6,47.9,53,71.9,80.1,95.5,87.4,89.5,65.5,72.6,57.8,57.5,57.8,56.8,54.7,53.5,42,35.2,17.4,12.4
평일,5호선,2543,답십리,상선,31.3,36.2,47.6,82.1,106.1,105.5,76.3,74.4,53.3,44.1,43.2,41.3,38,41,37.8,39.6,34.7,33.7,31.9,32.4,34.5,37.5,43.4,47.9,35.6,36.8,37.3,35.2,26.2,22.3,20.8,18.8,17.7,17.7,16.7,16.3,11.4,3.8,2.6
평일,5호선,2543,답십리,하선,15.5,28.1,20.8,29.2,41.1,48.3,27.1,16.7,17.6,16.1,19.9,21.2,22.8,26.8,27,29.7,33.1,34.6,33.1,39.3,47.6,51.6,66.7,79.6,92.5,84.7,87.1,59.6,67.9,57.3,52.2,52.7,55.1,51,49.6,39,33,16,11.1
평일,5호선,2544,장한평,상선,28,34.2,46.9,77.6,97.9,96.3,68.5,69.1,50.5,41.9,41.7,39.2,36.3,39.3,37,38.1,34.5,32.7,30.8,32.7,33.1,36.7,43.3,46.2,35.7,35.2,38.8,36.2,27.1,22.9,21.5,19.6,18.2,18.7,18,16.1,11.3,4.7,3.6
평일,5호선,2544,장한평,하선,21.7,27.7,20.3,32.1,44,51.3,29.7,17.6,17.1,16.6,18.3,21.9,22.1,25.4,27.8,29.6,33.9,32.7,32.9,37.5,46.3,51.1,62.3,80.4,90.5,86.7,85.6,56.9,60.8,57.6,50.4,48.8,51.7,48.9,46.6,40,29.3,18.7,7.3
평일,5호선,2545,군자,상선,25.1,33.1,44.5,73.6,93.6,90.7,68.6,64.4,48.6,41.3,40.8,38.3,35.8,37.9,34.8,38.8,33.9,31.4,30.2,31.8,32.7,36.1,42.8,44.7,35,34.3,40.5,37.3,27.4,24.3,22,20.5,19.9,20.1,19.7,17.8,12.5,5.6,4.9
평일,5호선,2545,군자,하선,20.6,43,31.6,49.9,65.7,81.7,41.5,26.1,22.7,22.3,24,29.5,29.5,31.2,36.5,37.2,40.5,36.9,42.1,44.6,51.5,61,71.5,86.1,109,90.5,93.4,67.6,67.9,63.3,62.1,54.6,58.8,55.6,51.9,45,33.4,19.9,5.9
평일,5호선,2546,아차산,상선,37.4,35.1,51.5,85.2,100.1,97.3,75.8,76,55.5,50.7,45.7,45.4,42.2,43.3,42.1,45.2,40,37.1,36.8,41.1,41.7,47.5,55.7,59.7,45,49.9,59,50.6,36.3,33.9,29.4,26.9,26.8,27.7,25.9,22.8,12.9,9,5.2
평일,5호선,2546,아차산,하선,23.4,44.4,32.4,50.3,65.7,86.1,45.5,27.3,23.1,20,24.1,27.2,29.1,30.4,35.5,37.4,39.7,36.1,41.3,42.2,48.2,58.2,71.5,77.2,104.4,86.8,88.3,62,64.6,59.8,58.8,52.9,53.9,52.8,48.5,42.1,30.2,22.5,16.7
평일,5호선,2547,광나루,상선,33.2,32.6,48,82,95.5,91.1,71.6,71.5,48.9,48.6,43.8,44.1,39.3,41.3,39.4,42.4,36.6,36.4,35,38.9,40.4,49.5,53,58.1,43.5,50,60.3,50.1,36.8,34.1,29.5,27.6,25.7,28.1,25.5,23,13.4,8.5,3.6
평일,5호선,2547,광나루,하선,23.9,41.3,33.7,46.7,64.6,81.2,43.7,27.7,22.2,19.5,23.4,26.8,28.4,29.3,33.4,36.6,40.4,35,39.9,42.1,47.3,53.1,70.8,75.2,101.3,87.4,86.4,59.4,65.8,55.2,56.8,51.1,51.8,48.8,49.1,40.2,28.4,21.5,15.7
평일,5호선,2548,천호,상선,32.3,32.6,51.3,79.9,93.9,86.9,69.2,69.2,49,43.1,44.2,42.9,37.4,41.3,39.4,40.5,35.3,35.1,32.9,36.2,39.7,47.5,49.6,57.5,42.2,50.9,57.7,47.6,34.7,32.9,28.6,27.2,25.4,27.7,25.6,22.8,13.7,5.9,3.8
평일,5호선,2548,천호,하선,18.3,34.1,23.9,34.2,52.5,57.8,40,19.5,17.4,16.8,19.1,22.8,25.2,28.6,29.7,32.4,38.6,33.4,36.4,42.5,49.1,47.7,61.9,75.2,84.2,85.8,83.1,59.3,58.6,56.5,48.1,56.1,49.4,47.3,43.8,40.1,28.6,23.3,11.8
평일,5호선,2549,강동,상선,27.3,33.2,51.7,57.3,76.3,79.8,71.4,72.1,55.6,43,48.5,43.4,36.5,44.8,40,36.8,37.2,37.5,32.3,36.5,41.1,46.1,45.9,50.4,36.8,44.9,46.4,41.9,26.3,24.9,23.9,22.4,20.6,24,22.2,19.4,10.1,6.9,1.7
평일,5호선,2549,강동(하남검단산),하선,3.2,10.7,8.9,15.1,14.9,29.4,13.3,12.4,9.4,12.2,13.1,13.8,17.2,22.8,22.5,17.1,29.3,22.4,22.4,27,40.7,29.2,43.3,38.8,46,54.1,66.2,39.8,41.1,40.6,29.2,34.6,42.5,28.7,30.8,25.8,18.9,18.5,5.5
평일,5호선,2550,길동,상선,45.6,41.6,73.4,68.5,96,88.2,101.8,102.4,72.2,65.4,59.6,57.7,50.3,54.4,52.1,53.2,48.5,46.2,45.1,47.7,48.9,57.9,61.5,61.1,41.9,42.3,58.5,42.6,32.5,28.6,26.8,26.2,25.9,28.5,23.7,18.7,14.6,5.9,1.5
평일,5호선,2550,길동,하선,14.1,13,28.8,38.1,34.8,58,27.7,20.6,18.8,20.3,24.2,32.9,31.9,36.6,40.7,40.3,46.1,42.8,52.8,50.8,62.4,67.7,79.8,92.4,127.1,117.7,109.4,73.2,79.2,73.2,67.4,65,66.9,67.9,57.6,47.9,34.9,25.7,9.4
평일,5호선,2551,굽은다리,상선,41.3,38.1,68.6,68.7,89,84.3,95.9,95.8,70.2,59.9,55.9,54,48.1,50.4,48.7,49.2,44.6,42.9,42.7,44.8,45.9,54.1,58.5,51,33.7,42.6,56.6,39.2,30.4,26.8,23.8,24.5,24.4,27.1,22.9,17.7,9.7,7.1,2
평일,5호선,2551,굽은다리,하선,15,13.2,28.4,38,33.9,55.4,24.9,17.4,18.9,18.7,21.2,26.4,28.2,33.4,36.4,36.4,41.3,38.8,46.7,45.9,57,58.3,72.2,82.8,103.3,106,100.7,72.1,63.3,65,60,58.3,62,60.1,51,42.6,31.1,27.6,12.7
평일,5호선,2552,명일,상선,29.9,38,61.4,57.1,90.6,72.3,85.9,79.9,61.4,54.4,50.4,48.9,44.1,46.3,43.5,43.5,38.2,38.2,38.8,40.8,42.3,49,53.4,46.6,30.4,38.6,54.5,36.6,27.9,24.4,21.9,21.9,22.1,27.6,21.6,17,9.3,6.8,2.2
평일,5호선,2552,명일,하선,16,13.2,28.4,32.2,37,53.9,23.7,17.3,18.9,16.9,19.9,25,26.4,31.7,33.4,34.7,37.8,33.1,42.3,41.9,51.9,53.5,65.6,75.4,93.3,96,89.9,64.5,57.2,62.5,53.7,53.4,56.5,54.5,45.6,38.1,27.8,25.2,11.2
평일,5호선,2553,고덕,상선,26,34.4,57.1,48.3,82.2,65.6,78.6,73.7,57.5,49.4,46.2,44.5,40.1,42.6,39.4,40.2,35.7,35.3,34.5,41.8,40.5,48.2,48.2,44.3,28.9,36.5,53.7,35,25.3,23.4,21,21,20,25,18.3,16.2,9.3,6.5,2.3
평일,5호선,2553,고덕,하선,12.3,10.6,22.9,25.1,26.9,43.5,18.3,13.5,15.1,13.1,17,20.4,23.5,27.8,28,28.1,30.8,27.5,35.8,37.2,45.2,45.3,56.9,67,84.6,87.8,80.9,57.4,51.2,55.9,48.4,48.1,50.7,49.9,40.5,34.1,24.6,22.2,9.7
평일,5호선,2554,상일동,상선,21.9,37.9,53,41.9,76.8,59.7,72.9,67.8,49.8,43.7,40,36.2,33,34.8,33.4,35.5,31,29.7,28.6,32.8,33,36.6,39.1,36.3,24.3,28.1,47.8,29.6,20.9,19.3,17.3,17,15.9,18.4,14.9,14.1,8.5,6.2,2.3
평일,5호선,2554,상일동,하선,10.2,8.7,17,18.3,21.9,37.2,14.6,14.3,10.7,10.8,14.3,16.8,18.7,20.8,20.9,20.2,22.2,20.2,26.3,27.4,33.3,33.3,41.5,47.9,58.2,64.6,59.8,41.8,38.4,40.6,38.6,31.9,35.3,36.4,30,24.4,19.3,16.1,5.4
평일,5호선,2562,강일,상선,35.8,38.4,50.6,55.3,66.2,63.9,54,50.3,35.8,31.2,29,25,24.2,25.3,25,27.5,24.1,22.7,21.7,25.3,24.2,30.2,29.8,28.5,30.9,40.8,31.1,22.6,15.5,15.7,14.3,15,14.1,17,13.6,13.2,7.8,3.8,0
평일,5호선,2562,강일,하선,9,7.6,14.1,15.4,17.3,29.2,22.5,18.1,16.5,14.3,12.4,15.2,16.5,17.3,18,17.5,19.2,17.9,22.9,23.6,28.9,28.3,36.6,38.7,50,56,50.9,44.3,32.2,34.6,32.5,27.1,29.4,29.8,25.3,22.1,17.9,13.2,9.6
평일,5호선,2563,미사,상선,31,32.2,41.8,45.2,59.3,46.1,44.9,40.3,29,25,23.7,20.6,20,21.6,21.1,23.4,20.5,19.3,19.1,21.4,21.3,25.6,26.1,25.3,27.6,35.8,26.6,19.7,14.1,14.6,13.7,14.5,13.4,17,13.3,12.8,7.6,3.8,0
평일,5호선,2563,미사,하선,7.4,4.8,6,10.4,12.4,22.3,16.5,13,11,7.9,7.9,9.6,10.8,11.8,12.2,11.5,12.5,12.3,15.7,16.2,18.1,18.1,20.8,21.4,25.7,27.2,22,20.3,14.3,18,17.5,15.8,13.9,17.2,13.5,12,9.4,7.3,5.9
평일,5호선,2564,하남풍산,상선,18.3,22.3,24.1,24.1,27.4,23,23.6,21,17.1,15.9,15.4,13.2,14.9,14.7,13.6,14.9,14.3,12.8,12.8,13.1,14.6,18.1,19,15.7,17,29.1,17.7,13.1,10,9.4,8,8.5,7.2,8.8,7.1,4.7,1.8,1.6,0
평일,5호선,2564,하남풍산,하선,0,5.1,4.1,6.3,9.6,13.1,9.1,8.6,8.2,6.5,6.3,8.2,9.1,10.3,10.4,10,10.6,10.7,12.7,14.5,15.9,16.9,17.7,17.3,21.3,24.3,18.9,16.5,8.9,14.7,14.6,13.2,11.7,13,11,10,7.4,5.8,4.8
평일,5호선,2565,하남시청,상선,15.8,18.7,19.9,20.9,23.3,19.6,20.4,17.8,14.9,14.2,13.2,11.6,13.5,12.5,12,12.6,11.4,11.1,10.5,11.1,11.6,13.5,15.2,12.3,10.5,16.1,12.9,10.7,7.5,8.4,6.8,6.4,5.4,7,5.1,3.6,1.6,1.4,0
평일,5호선,2565,하남시청,하선,0,2.8,2.1,2.9,4.4,4.6,5.3,4.5,4,2.8,4,3.9,5.2,5.9,5.6,5.1,4.5,4.9,5.8,6.5,7.2,8.1,8.2,8,8.7,10.5,8.1,5.9,4.9,6.1,6.8,5.8,5.4,6.1,4.8,4.3,3.1,2.4,1.9
평일,5호선,2566,하남검단산,상선,6.5,7.7,8.3,9.1,10.6,9,9.1,7.7,6.8,6.2,5.9,5.8,7.4,5.5,5.3,5.7,5.7,5.7,5.2,5.4,5.8,6.3,6.9,5.8,5.2,6.5,5.8,5.5,3.7,4.8,3.3,3.2,2.8,4.2,2.8,1.7,0.4,0.6,0
평일,5호선,2566,하남검단산,하선,0,0,0,0,0,0,0,0,0,0,0,0,0,0,0,0,0,0,0,0,0,0,0,0,0,0,0,0,0,0,0,0,0,0,0,0,0,0,0
평일,5호선,9005,강동(마천),하선,4.9,12.7,16.3,20.9,48.5,65.5,51.9,23.9,18.3,15.7,16.6,21.7,21.4,23.9,26.5,28.1,27.5,27.4,28.6,32.7,34.3,37.7,45.8,23.2,41.3,42.1,51.6,33.5,32.9,33.6,30.5,29.6,30.8,30.2,24.4,23.1,14.9,11.5,9.6
평일,5호선,2555,둔촌동,상선,19.2,19.9,33.2,46.1,58,59.1,41.9,41.3,32.8,31,30.9,30,28.5,28.9,29.3,30.5,27.6,27.2,27.7,31,30.9,38.1,42.6,40.7,35.9,48.1,52.5,44.9,32.5,22.7,26.4,24.1,22,26.6,24.5,20.6,10,0,5.6
평일,5호선,2555,둔촌동,하선,7.5,14.2,16.6,23.7,52.1,68.6,57.4,26.8,17.9,15.8,15.6,20.4,20,22,23.7,25.2,23.5,23.7,24.5,27.3,28.6,29.4,38.4,21.8,24.7,37.8,39.8,25.7,26.7,28,25,24.7,25.3,24.8,21.1,18.3,11.8,10.4,7.4
평일,5호선,2556,올림픽공원(한국체대),상선,14.6,16.1,25.8,35.7,44.7,48.8,36,33.7,28.1,26.4,27,26,24.6,24.8,26.1,27,24.6,24.3,25,27.8,29.6,39,40.7,38.4,36.3,47.1,56.2,43.6,32.6,22.5,26.4,24.6,22.1,26.6,24.2,20.7,9.8,2.5,3.7
평일,5호선,2556,올림픽공원(한국체대),하선,6.3,13.2,13,17.7,41.9,55.2,47,20.1,14.5,12.4,13.2,17.8,18.5,18.1,21.3,22.6,20.7,21.3,22.5,26.7,29.7,29.4,39.5,20.8,25.8,39.4,41.8,26.8,27.6,29.2,25.3,26.5,25.2,27.4,21.8,22.7,13.9,10.4,6.5
평일,5호선,2557,방이,상선,16.9,17.4,26.2,39.8,48.8,51.9,36.7,36.3,28,25.4,24.5,24.2,21.2,23.1,23.1,25.1,23.1,21.1,21.3,24.6,24.9,34,34.1,33.2,28.1,48.3,46.2,35.5,27.7,18.1,20.1,23,18.1,23.8,18.6,12,4.7,0,3
평일,5호선,2557,방이,하선,6.4,11.6,12.6,17.6,33.5,49.9,42.2,18.5,13.3,11.2,11.7,16.1,16.2,16.4,18.3,19.5,17.3,18.4,19,22,25.9,25.6,32.9,21.3,22.4,35.3,37.2,24.9,22.8,26.8,22.9,25.5,23.2,28.3,22.4,17.3,12.4,9.2,5.6
평일,5호선,2558,오금,상선,14.8,15.3,22.8,34.8,44.5,45.7,33.9,32.2,25.3,22.4,21.4,21.7,18.9,20.7,20.8,22.7,20.6,19,19.2,21.8,23.5,32.9,33,30.6,25.1,42.5,40.7,31.2,25.9,15.9,17.6,19,14.5,17.2,15.5,9.7,4.1,0,2.7
평일,5호선,2558,오금,하선,1.7,5.5,5.7,6.7,8.8,20.8,19.8,8.1,7.1,6.2,8.3,10.1,12.2,11.6,14.7,15.7,13.6,15.3,17.2,22.9,25.3,26.5,31.1,21.1,22.5,35.7,40.1,26.3,24.7,24.9,24.4,26.2,23.4,28,22.8,18.2,12.4,9.3,5.6
평일,5호선,2559,개롱,상선,18.5,17,24.8,39.7,49,50.7,38.3,32.7,22.6,22.2,19.4,18.1,17.4,18.5,18.2,19.1,16.3,15.5,14.2,15.6,15.7,24.9,22.4,17,12.8,21.6,16.1,14.6,11.1,9,8,8.8,7.8,8,6,4.7,1.7,0,1.5
평일,5호선,2559,개롱,하선,1.1,3.9,3.7,4.6,5.7,14.2,15.2,5.6,4.8,4.3,6,7.2,9,8.7,10.6,11.6,9.5,10.9,11.7,17.2,19.8,19,22.7,15.1,16.5,26.7,29.9,19.4,17.9,18.3,17.8,19.2,17,20.3,16.6,13,9.1,6.7,4.3
평일,5호선,2560,거여,상선,14.7,13.3,20.9,32.3,38.5,40.4,29.9,25,16.9,16.4,13.9,13.3,13,13.9,13.5,13.6,11.4,11.6,10.9,10.9,11.6,14.6,15.7,11.3,8.2,15.1,10.9,9.7,7.3,5.9,5.4,6,4.5,5.1,4.1,3,1.2,0,1.2
평일,5호선,2560,거여,하선,0.4,1.7,1.3,1.3,1.7,5,5.7,2.2,2,1.9,2.6,3.2,3.7,3.5,4.1,4.9,3.8,4.5,5,7.2,8,8.3,9.1,5.9,6.5,9.5,11.5,8.4,7.1,6.9,7.4,7.7,6.8,7.7,6.9,5.4,4,3.1,2.1
평일,5호선,2561,마천,상선,7.2,6.7,10,14.8,18.6,17.3,12.5,10.4,7.4,6.8,6.1,5.6,5.4,5.6,5.6,5.4,5.2,4.4,4,4,4,5.1,5.5,3.9,2.6,7.3,4,3.6,2.5,2.1,2.1,1.9,1.2,2.2,1.1,0.9,0.4,0.5,0
평일,5호선,2561,마천,하선,0,0,0,0,0,0,0,0,0,0,0,0,0,0,0,0,0,0,0,0,0,0,0,0,0,0,0,0,0,0,0,0,0,0,0,0,0,0,0
평일,6호선,9006,응암S,하선,8.5,11.1,10.8,15.5,17.2,20.2,16.5,14.8,14.3,15.2,15.1,14.6,15.3,16.4,16.2,17.2,16.6,17,15.6,19.4,20.8,23.5,27,25.1,29.5,38.7,46.8,27.5,23,19.6,18.6,20.4,20.3,21.8,18.8,14.3,10.4,5.4,5.7
평일,6호선,2612,역촌,하선,10.4,11.7,12.7,19.1,21.5,22.7,18.1,15.4,16.4,16.3,15.8,14.9,15.7,16.6,16.6,17.6,17.2,16.6,15.2,18.7,20.5,21.1,25.6,23.1,27,35.4,40.7,24.7,20.4,17.9,16,18.4,17.7,19.3,16.2,12.3,8.8,4.4,4.5
평일,6호선,2613,불광,하선,5,4.6,6.3,9.2,10.9,10.9,7.3,6.7,7.1,8,8.1,8.7,8.9,9.2,9.5,9.8,10.8,10.9,10.5,12.5,14.3,14.7,18.2,15.3,16.9,21.2,26.3,17.5,13.3,12.1,10.4,12.1,11.6,11.9,10.3,7.7,5.9,3.1,2.9
평일,6호선,2614,독바위,하선,5.1,5.7,7.8,12.4,14.7,14.3,9.5,8,8,8.9,8.9,9.1,9.2,9.4,9.3,10.3,10.5,10.7,10.6,11.2,13.4,14.1,16.6,14.8,15.1,19.1,22.6,14.8,11.4,10.1,8.8,10.3,9.5,9.8,8.6,6.2,4.9,2.1,2.9
평일,6호선,2615,연신내,하선,12.9,10.9,17.5,26.7,34,34.4,22.3,17.5,17,16.4,15.2,15.7,15.9,16.6,17.1,17.2,18.1,16.6,17.3,19.5,22.2,24.9,26.7,26.3,21.7,25.5,27.3,18.2,15.6,14,12.3,13.2,12.1,12.5,9.8,8.5,5.4,3.6,2.9
평일,6호선,2616,구산,하선,18.9,14.5,21.6,33.4,39.7,44.3,28.9,21.9,20.4,19.7,17.3,18,17.6,18.8,18.3,17.6,19,16.8,17.4,19.5,21,24.5,25.4,25.5,19.4,22.4,21.3,14.2,12.4,11.2,10.7,10.2,10.1,11.4,7.2,6.9,4.8,2.5,1.8
평일,6호선,2611,응암,상선,0,0,0,0,0,0,0,0.7,0,0,0,0,0,0,0,0,0,0,0,0,0,0,0,0,0,0,0,0,0,0,0,0,0,0,0,0,0,0,0
평일,6호선,2611,응암,하선,29.3,21.2,28.3,46.9,57.6,63.2,40.2,29.2,26,24.4,20.6,20.7,19.5,21.4,20,20.7,20.2,17.6,17.9,18.4,21.9,24.8,26,26.3,19,23.6,18.4,12.1,11.4,10.6,10,9.9,9.3,10.9,7.6,6.2,3.9,2.1,1
평일,6호선,2617,새절,상선,8.7,10.2,8.8,12.6,13.3,16.2,13.3,10.5,13.6,14.5,14,14,14.3,15.9,15.3,17.3,17.5,18.3,18.1,21.9,25,29.1,32.5,32.4,39.3,53.3,65,40.2,33.6,28.2,26.8,29.2,29.2,31.9,25.6,21.1,14.1,8.5,4.5
평일,6호선,2617,새절,하선,28.5,27.1,36.1,58.6,59.8,77.6,48.8,36.4,32.2,27.4,24.9,23.7,22,24.5,21.8,23.4,21.7,19.3,19.1,19.6,22.9,26.7,27.8,28.3,21.6,23.4,20.8,12.5,11.6,10.8,10,10.1,9,10.7,7.3,6.1,3.8,2.1,1.7
평일,6호선,2618,증산,상선,7.3,10.4,8.9,11.8,12,16.1,12,10.6,13.6,15.2,13.2,14.1,14.9,16,16.5,19.4,19.3,20.1,20.8,25.6,28.3,32.5,37.5,38.4,48.3,70.7,76.7,49.8,41.3,34.6,32.8,35.2,35.2,38.5,31.5,26.3,17.5,10.5,7.7
평일,6호선,2618,증산,하선,33.9,31,41.3,66.2,69.2,87.1,58.6,41,36.3,31.2,27.9,25.7,23.8,26.5,23.5,25.9,23.5,21.7,20.6,20.8,23.8,26.8,29.9,29.7,22.3,24.9,21.1,13,11.8,11.1,10.7,10.4,9.5,10.1,7.5,6.1,3.8,2.3,1.7
평일,6호선,2619,디지털미디어시티,상선,6.1,10.6,8.6,10.9,10.8,15.7,11.2,10.9,13.6,15.4,13.1,15.1,15.6,16.7,17,20.7,20.8,21.6,22.6,28.3,31.6,35.5,42.3,42.4,54.8,79.7,87.9,56.3,48.7,39.9,37.6,41.9,40.9,45.1,36.4,30.3,20.6,12.2,9.6
평일,6호선,2619,디지털미디어시티,하선,29.5,29.2,38.3,67.1,68.5,86,58.8,41.6,36.4,31.4,28.4,25.8,23.9,26.9,23.7,26.4,23.9,21.7,20.6,20.4,24.1,25.4,29.8,32.5,26.6,33.4,27.4,17.4,13,11.4,10.8,10.8,9.8,10.3,8.8,6.2,4.3,2.6,1.7
평일,6호선,2620,월드컵경기장,상선,8.5,12.7,9.4,12.1,15.5,21.1,16.1,13.4,15.3,14.4,12.7,14.4,15.6,16.3,17.2,20.9,20.2,21.1,22.6,27.2,32,34.6,42.2,40.9,53.7,77.1,84.4,55.5,49.2,40.2,36.6,42.9,40.3,45.5,36.4,29.8,20.7,11.5,9.8
평일,6호선,2620,월드컵경기장,하선,29.3,29.2,35.8,64.4,67.5,89.3,60.6,41.8,40.1,29.6,29.8,25.3,23.9,26.6,23.7,26.1,23.4,21.3,20.2,20.1,23.9,26.2,30.7,34.1,27.6,34.2,27.6,17.6,13.2,12.1,10.9,11.3,10.5,11.2,9,6.4,5,3,1.7
평일,6호선,2621,마포구청,상선,8.8,13,9.6,12.8,15.6,21.5,15.9,13.8,16,14.7,13.1,14.5,16,16.4,17.4,21.2,20.6,21.4,23,27.1,31.5,36.3,41.4,40.5,54.5,77.8,86.5,56.9,48,40.9,36.9,42.9,40.3,45.6,36.8,30.1,19.2,10.3,10
평일,6호선,2621,마포구청,하선,33,32.4,40.1,71.6,76.7,100.1,67.2,47.6,44.7,33.6,34.8,29.6,27.9,29.5,29.6,28.9,27.2,25.1,23.1,24.2,27,29.8,33.4,38.7,31.2,37.7,34.1,19.7,14.2,13.6,12,12.8,11.7,12.2,9.3,6.8,5.1,3.1,1.6
평일,6호선,2622,망원,상선,8.2,13.4,10.1,12.7,16.2,23,20.2,15,19.5,15.9,15.3,15.9,18.3,18.7,20.5,23.9,23.8,23.7,26.3,31.6,35.5,40.4,45.3,45,60.3,91.4,93.4,63.9,51,45.7,41.5,47.2,46.5,50.4,40,34.1,22.1,13.8,7
평일,6호선,2622,망원,하선,40,34.2,42.9,77.5,81.3,103.4,72,50.3,45.1,35.9,36.8,32.2,31.8,31.9,33.1,33.2,30,28.7,27.3,28.1,30.5,33.7,36.8,43.9,34.9,43.7,37.4,24.1,17.7,17.5,16.5,17.4,15.9,16.1,12.4,9.3,6.8,3.5,2.7
평일,6호선,2623,합정,상선,7.3,12.9,10.4,13.6,16.4,24.2,23.2,18.1,25.6,20.3,21.9,19.6,24.2,23.7,27,30.1,31.1,29.1,32.2,38.5,42.7,47.3,52.5,49.5,66.3,96.9,97.7,70.6,55.9,48.5,44.7,48.6,49,52.5,42.5,34.2,21.1,15.1,7.9
평일,6호선,2623,합정,하선,24.4,22.2,22.2,40.5,43.9,55.5,42,27.6,29.2,21.8,24,20.1,20.8,22,21.9,23,22.5,20.3,20.1,19.9,21.4,22.1,24.4,28.6,24.6,32.7,28.4,19.2,13.5,13.5,13.3,14.6,13.9,14.6,12.7,9.7,7.7,4,3.3
평일,6호선,2624,상수,상선,5.2,7.2,6.9,9.9,12,18.6,17.3,14.5,19,14.5,16.1,15.4,17.9,17.3,19.7,24,21.7,21.2,22.5,28.1,30.1,33.2,37.3,34.8,43,62.8,57,41.9,33.1,29.2,27.1,29,29.6,30.5,24.1,22.5,13,10.2,6.6
평일,6호선,2624,상수,하선,26.4,23.1,22.6,41.6,44.8,55.7,39.7,26.4,26.4,20.9,22.5,19.6,19.8,21.8,21.3,23.8,20.8,20.6,19.7,20,21.5,22.7,24.5,28.9,26.2,31.4,29.8,19.9,14.1,14.7,15,16.7,16.3,18,15.9,12.7,10.2,5.3,3.3
평일,6호선,2625,광흥창,상선,4.7,6.9,6.8,10.3,12.1,19,18.5,16.4,22.6,15.9,17.8,17,20.1,18.5,21.2,24.3,23.4,22.2,23.7,28.8,32.1,34.1,39.1,36.9,46.9,70.2,54.6,43.8,33.8,29.3,27.5,28.4,29.1,29.5,23.6,21.9,13.3,10.8,8.1
평일,6호선,2625,광흥창,하선,27,23.3,23.3,39.8,46.8,52.5,40.9,26.6,24.8,20.6,22.9,20.4,20.3,22.3,22,22.8,20.9,20.8,19.9,19.5,21.3,23,25.4,30.6,26.7,34,29.7,20.2,14.2,14.9,15,16.7,16.1,18.1,15.8,12.6,10.3,5,3.1
평일,6호선,2626,대흥,상선,4,6.8,6.7,9.9,11.7,20,19.2,17.2,22.3,15.9,17.3,16.6,18.1,18.4,21.7,23.6,23.3,23,21.5,27.9,30.8,33.7,37.8,36,46.4,67.2,53,43,34.5,29.9,27.9,28.4,29.7,30.9,25.1,23.3,13.2,12.2,8.4
평일,6호선,2626,대흥,하선,27.4,23.6,23.5,39.9,46.2,54.3,41.6,26.9,23.8,21.5,22.9,20.9,20.7,22.8,21.9,23.9,20.9,20.7,21.3,20.7,22.6,25.2,27.4,32.2,29.2,37.8,30.6,21.2,15,15.8,16.3,18.2,17.5,20.7,16.7,13.3,11,5.9,3.1
평일,6호선,2627,공덕,상선,4.8,7.3,7,10.8,13.5,22.1,23.4,18.8,25.8,18,19.1,17.3,19.1,19.5,23.2,23.7,24.2,23.1,22.7,28.7,31.2,33.2,38.8,36.1,48,67.2,56.2,45.2,35.5,29.5,29,28.8,30.7,29,25.9,22.3,13.6,13,4.7
평일,6호선,2627,공덕,하선,18.3,24.9,25.1,37.8,46.3,50.5,39.6,28.2,23.6,23.3,25.7,24.5,23.8,25.6,26,27.1,24.8,23.6,24.7,24.8,27.4,32.7,34,45.7,45.8,58.2,55.1,32.9,21.9,23,24.4,24.6,24.6,26.8,23.5,18.4,14,9.4,2.9
평일,6호선,2628,효창공원앞,상선,8.1,12.4,12.9,22.6,30.1,42.3,37.5,30.1,34.4,22.4,21.5,19.8,21.4,22.2,26.2,26,27.4,25.1,24.7,30,32.6,36.4,41.3,40.8,48.6,67.9,55.3,47.8,36.8,30.5,30.7,29.1,32.7,29.7,29.7,23.8,14.7,13.9,5.6
평일,6호선,2628,효창공원앞,하선,16.3,24.7,26.1,38.8,48.9,52.6,40.7,29.2,23.6,24.4,26.4,24.3,24.8,26.4,26.6,29.1,26.3,24.3,24.9,25,27.3,32.1,34.8,47.2,46.8,61.3,55.5,34.1,22.7,22.8,24.2,23.5,25.1,26.1,22.8,18.1,13.5,9,5.3
평일,6호선,2629,삼각지,상선,7.8,12.6,12.9,22.5,30.2,44.2,40.1,32.9,32.8,22.5,21.4,19.8,22.2,21.6,26.2,25.7,27.1,25.6,24.8,30,32.3,37.9,41.8,40.7,49.1,65.7,56.7,45.5,38,31,31.5,31,33.4,31.9,29.9,24.9,15.6,14.8,6.3
평일,6호선,2629,삼각지,하선,13.4,20.9,20,28.1,36.2,38.4,30.7,23.1,20.3,20,23.7,19.8,20.8,22.6,23.9,24.2,22.9,21.6,22.1,23.2,23.7,28.8,30.9,40.5,43,55.5,49.3,31.2,20.7,21.3,22.2,22.4,24,24.7,22.2,17.8,14.1,9.1,4.1
평일,6호선,2630,녹사평,상선,8.4,12.3,14.8,23.9,29.2,41.5,34.6,30.9,27,19.8,18.7,17.2,19.5,20.6,21.3,21.9,23,21.1,22.4,24.7,27.2,33.7,35.7,33.2,38.9,49.7,44.3,37,30.8,25.7,26.3,25.6,27.1,26.1,24.6,20.5,12.1,14.7,5.9
평일,6호선,2630,녹사평,하선,13.4,19.8,19.1,26.7,33.7,36.2,29.3,22,19.1,19.7,22.8,19.1,19.9,20.8,22.6,23,21.7,21,20.9,22.2,23.1,28.5,29.9,37.5,44.1,50.7,51.8,33,21.1,20.7,21.9,23.3,24.6,25.4,23.4,18.3,15.2,9.2,3.8
평일,6호선,2631,이태원,상선,9.6,12.2,14.8,23.9,30.4,42.3,34.8,30.4,27.1,19.8,18.1,16.9,19.2,20.4,20.9,22.6,23,20.7,22.6,23.8,26.8,32.6,34.5,32.4,38,48.2,41.8,36,29.6,24.5,24.9,23,23.7,24.3,22.9,17.5,10.8,11.4,2.9
평일,6호선,2631,이태원,하선,14.1,14.9,16.5,24.3,32.8,33.6,26.3,19.7,16.7,17.3,20.2,18.3,18.3,20,21.2,22,20.8,21.1,20.5,22.9,23.4,29.5,31.8,39.5,45,52.5,51.4,33.2,20.8,21.1,22.1,23.7,24.7,26.7,24.3,19.3,16.1,11.2,4.7
평일,6호선,2632,한강진,상선,9.3,14.4,15.8,24.8,31.9,44.7,35.2,35.2,31.4,21.3,19.2,17.8,20.1,20.4,21.9,24,22.4,20.5,22.9,23.3,27.6,30.8,30.7,31.1,37,45,40,33.5,27.4,23.8,22.7,22.6,22.6,21.6,21.6,15.8,10.2,10.6,2.3
평일,6호선,2632,한강진,하선,9,13.1,13.8,19.2,27.1,28.3,21.5,16.2,13.5,14.5,16.7,15.7,16.2,18.2,19,19.4,20.4,20.2,19.7,22.9,22.8,29.2,33.5,42.6,47.5,57.1,53.5,35.7,22.7,23.9,24.2,26.1,27.1,29.5,26.3,20.6,16.3,11,3.8
평일,6호선,2633,버티고개,상선,12.9,15.8,17.5,26.5,35.4,48.4,40.6,38.4,34.6,24.3,22.4,21.1,22.5,22.1,24.2,25.9,24.9,22,23.9,24.1,28.3,31.4,29.6,28.5,34.4,38.6,36.7,30.4,21.9,19.6,19.8,19.1,19.8,18.7,19.5,13.3,9.8,10.3,2.7
평일,6호선,2633,버티고개,하선,9.3,13.4,13.8,19.4,27.7,29,21.5,16.3,14.1,14.5,16.8,16.3,16.4,18.5,19.2,19.4,20.5,20.3,19.7,23,23,29.4,33.6,41.5,49.3,54.9,53.3,35.6,23,23,24.1,25.9,26.8,29.2,26,20.5,16.1,10.8,7.6
평일,6호선,2634,약수,상선,12.8,15.9,18.7,27.5,35.2,49,38.6,38,33.2,23.2,22.5,21.1,22.1,22.7,24.2,26,24.4,22.6,24.5,24.3,28.3,32.9,28,28.5,34.6,38.9,36.4,30.8,22.4,19.7,20.3,19.3,20.2,19.2,20,13.6,10,10.5,2.9
평일,6호선,2634,약수,하선,6.3,13.8,13.7,17.1,24.6,25.8,20.7,14.8,14,14.1,17.7,17.8,18.3,19.7,21.6,22.6,22.7,23.1,23.5,26.4,28.2,35.9,40.1,49.7,60.8,66.3,74.9,49.6,33,30,30.7,32,34.2,35.4,34,24.4,18,12,8.4
평일,6호선,2635,청구,상선,18.5,21,24.1,36.1,48.7,68.2,56.8,56.5,45.8,30.9,29.1,25.2,25.3,26.9,27.5,29.9,27,25.1,25.8,26.1,29.5,34.4,27.7,31.1,32.7,36,30.3,25.6,19.4,17.1,17.6,17.3,17.6,16.9,17.8,12,9,10,2.6
평일,6호선,2635,청구,하선,6.1,12.8,13.7,15.5,23.4,25.2,20.7,14.7,14.8,14.4,18.1,18.5,18.9,19.4,22.2,23.4,22.8,23,23.1,26.1,28.1,34,39.3,49.4,61.4,69.2,77.3,50.7,33,29.3,29.8,30.6,33.6,33.7,32.3,24.1,17,11.4,7.8
평일,6호선,2636,신당,상선,18.6,20,24.1,37.5,52.5,71.9,59.2,57.6,44.1,30,28.1,24.3,24.2,26.1,27.1,29.7,26.9,24.6,25.1,25.4,29.5,33.9,26.9,30.4,31.7,34.4,27.6,22.7,16.9,16,16.4,16,15.8,16,16.6,11,8.3,9.7,2.6
평일,6호선,2636,신당,하선,8.7,14.3,14.6,15.7,23.1,24.7,22.7,15.1,15.9,14.9,19.1,19.8,20.7,22.1,25.1,25.8,26.8,25.2,26.7,30.6,33,38.2,46.3,59.1,75.8,85.2,95.6,62.9,42.7,35,38.8,39.4,42.8,44.5,42.4,30.9,20.9,16,11.3
평일,6호선,2637,동묘앞,상선,22.1,23.7,31.1,46.7,68.1,93.4,75,74.5,56.3,38.2,32.7,30.6,29.1,31.4,32.8,35.1,31.8,28.8,29.5,30.6,33.7,38.4,31.2,35.5,36.8,38,28.7,23.4,19.6,16.6,17,16.2,16,15.7,15.4,10.7,8.5,9.8,2.5
평일,6호선,2637,동묘앞,하선,10.2,14.5,14.7,15.6,22.9,23.6,21.1,14.9,15.9,15.7,17.1,19.5,21.2,22.3,24.9,24.9,27.3,26.4,27.8,31.4,35.5,41.4,49.9,66.2,85.1,85.8,108.6,75.6,47.6,37.1,42.1,43.1,45.1,46.6,46.5,34.6,23.9,17.7,12
평일,6호선,2638,창신,상선,22.6,26.7,37,52.1,79,104.3,85.4,81.9,55.4,41.9,36.5,34,29.4,34.4,34.5,36.6,31.7,29.7,29.6,30.5,33.8,40.8,32.1,35.6,35.7,37.1,28,22.2,18.9,16.6,16.4,16.1,15.9,16.3,15.6,10.8,8.4,9.4,2.5
평일,6호선,2638,창신,하선,10.4,14.4,14.2,15,21.5,23.7,20.8,14.1,16.1,15.4,15.9,19.6,20.9,21.9,25.3,23.9,27,25.9,27.8,29.6,34.8,41.1,49.3,56.4,84.8,84.1,105.9,73.2,46.1,36,41,41.8,43.8,45,44.8,33.6,23.3,17.2,11.7
평일,6호선,2639,보문,상선,21,25.6,36.4,54.6,76.5,101.4,76.2,81.5,51,40,35.5,33.2,28.7,33.6,33.7,35.9,31.2,29.1,28.9,29.6,33.1,38.3,30.2,34.9,35.2,36.3,27.2,21.3,18.6,16.4,16.1,15.9,16,15.9,15.9,10.8,9.2,7.9,2.6
평일,6호선,2639,보문,하선,10.7,13.8,13.7,15.2,21.4,23.2,21.6,14.3,16.7,14.8,15.4,19.5,21.1,21.2,25.1,23.8,26.6,25.5,26.4,28.8,33.2,39.4,45.2,51.7,77.3,77.1,93,63.6,41.4,31.6,36.7,36.3,39.7,39.3,40,31.1,21.4,15.4,10.2
평일,6호선,2640,안암,상선,19.6,23.3,32.6,48.1,68.1,90.9,67.4,69.8,45.6,38.2,30.4,30.9,27,32.3,31,34.1,29.6,27.8,27.9,28.9,32,36.8,28.9,32.9,33.8,33.1,26.1,21.1,17.7,15.5,15.5,15.6,15.7,15.5,14.6,9.8,8.9,7.4,2.7
평일,6호선,2640,안암,하선,6.8,11.9,10.5,11.1,16.5,17.8,15,10.3,10.7,10.2,11.8,16.2,17,18,19.6,19.3,21.6,22.1,23.1,27.7,31.3,37.2,44.5,51.5,76.3,75.1,88.2,60.3,39.3,30.4,34.1,34.6,38.2,36.8,37.2,29.5,19.7,13.5,9.1
평일,6호선,2641,고려대,상선,23.8,23.8,34,47.9,69.4,91.3,69.9,70.5,47.5,37.3,28.7,29,23.6,27.8,29.4,29.2,26.7,23.1,23.3,23.3,25.8,27.7,22.2,24.5,24.2,25,21.2,15.9,13.5,11.3,11.4,11.3,11.2,11,10.1,6.3,5.7,4.8,1.4
평일,6호선,2641,고려대,하선,7.2,11.1,9.3,9.9,13.9,15.9,12.3,8.9,8.9,8.6,10.5,14.2,15.8,16.4,17.3,17.7,20.1,19.9,21.5,26.3,29.2,35.1,42.8,50,70.9,73.3,83.7,61.6,37.2,28.5,31.5,32,35.3,33.9,34.1,26.8,17.7,11.9,7.9
평일,6호선,2642,월곡,상선,22.5,22.8,34.2,47.7,70.2,86,66.7,62.6,44.1,34.8,26.6,25.1,21.5,25.1,26.7,25.7,23.2,20.2,20.8,20.1,22.2,23.6,18.4,21,20,21.4,18.1,13.9,12.1,9.8,10.1,9.8,10.3,9.4,8.9,5.4,5.7,3.5,0.8
평일,6호선,2642,월곡,하선,7.6,11,9.5,10.3,14.2,15.7,10.7,7.7,7.7,7.6,10,12.2,14.3,15.6,15.7,16.5,17.9,18.5,19.5,23,26.5,32.1,38.4,44.8,60,67.3,72.7,53.3,33.4,25.4,26.9,28.9,30.9,29.7,30.2,23.7,15.7,10.9,6.7
평일,6호선,2643,상월곡,상선,18.7,20.8,30.1,43.1,62.5,76.4,61.9,56.3,39,31.5,24.3,22.7,19.9,23.8,24.2,23.3,20.7,19.5,18.6,18.7,20.6,21.2,17,18.9,18.3,17.9,17.1,13.1,11.6,9,9.3,9.1,9.4,8.9,8.7,5.3,5.1,3.5,1
평일,6호선,2643,상월곡,하선,8.3,11.9,9.8,11.4,15.3,15.7,10.6,7.6,7.6,6.6,10,12,13.9,15,15.2,15.9,17,17.8,17.5,21.6,25.1,30.2,37.9,39.5,56.9,64.3,67.7,49.7,30.9,23.2,25.1,28,27.4,26.8,27.6,21.6,14,10.1,6.8
평일,6호선,2644,돌곶이,상선,20,19.2,28.4,40.8,57.2,70.6,57.2,51.9,36.8,29.4,22.7,21.2,18.9,22.9,22.6,22,19.9,18.2,17.9,17.8,20,20.3,16.4,17.9,17.7,16.7,17.4,13,11.1,9,9.4,9.1,8.5,9,8.1,5,5.2,3.6,1.1
평일,6호선,2644,돌곶이,하선,10,12.7,10.7,12.1,17.2,17.7,10.9,8,7.3,6.7,10,11.9,13.4,14,14.2,15.3,15.5,16,16.6,19.2,22.4,26.8,34,35.4,50.4,54.2,60.5,44,27.8,19.8,21.5,24.1,22.9,23.2,23,18.9,12.5,8.4,5.7
평일,6호선,2645,석계,상선,15.8,16.3,24.1,33.5,46.9,61.1,50.2,44.7,32.7,25,19.8,19,17.1,20.5,19.6,20.7,18.8,16.7,16.4,16.7,18.8,18.8,15.7,16.7,18.2,15.7,19.2,14,10.7,9.6,9.4,9.7,8.6,8.8,8.4,5.3,5.5,4.2,1.3
평일,6호선,2645,석계,하선,11.9,13.6,13.1,14.8,21.1,22.5,13.1,9.2,8.3,7.5,10.1,12.2,14,15.4,15.2,16.2,16.5,16.2,17.3,19.6,22.4,23.8,32.6,34.6,47.7,50.5,57.7,41.3,27.8,18.6,20,22.8,21.2,22.2,20.9,17.7,11.5,7.9,5.3
평일,6호선,2646,태릉입구,상선,13.8,15.6,22.4,31.9,45.1,56.9,44.8,40.5,30.4,23.8,18.7,19.6,17.3,21,19.3,20.4,19.6,17.3,17.2,17.2,20.7,19.9,16.9,18,20.2,19.5,20,17,12.4,11.6,10.9,10.8,9.8,11.1,9.8,5.7,6.3,4.6,1.6
평일,6호선,2646,태릉입구,하선,6.1,7.7,6.5,7.5,11.2,12.9,6.4,3.8,3.7,3.8,4.7,6.4,7.2,7.7,8.4,9.6,9.1,9.2,9.6,10.6,13.2,12.8,17.7,19.1,25.8,28.7,32.2,23.5,16.2,10.8,12.2,12.6,12.3,13.3,12.4,9.9,6.2,4.1,2.9
평일,6호선,2647,화랑대,상선,8.7,10.5,16.2,22.3,31,33.9,27.2,24.1,17.8,14.5,11.3,11.5,11.6,11.4,11.6,11.9,11.1,10.2,9.2,10.3,13.3,10.9,9.6,9.4,11.7,10.4,9,7.5,5.4,4.7,4.2,4.3,3.3,3.5,3.2,2,2.2,1.2,0.2
평일,6호선,2647,화랑대,하선,4,4.5,4.3,4.6,7,8.3,3.9,2.3,2.2,2.3,2.9,3.8,4.2,5,5.8,6.1,6,5.9,6.2,6.4,8,7.8,10.9,11.5,14.1,16.7,18.3,13.5,9.1,5.7,6.8,6.7,7.2,6.8,6.8,5.3,3.5,2.3,1.4
평일,6호선,2648,봉화산,상선,4.5,5.4,8.7,11.9,17.9,16.9,14.8,11.6,10.2,7.4,5.8,6.4,7.3,6.2,6.1,5.4,6.3,5.4,5.2,4.3,7.6,5.1,4.3,4.7,6.8,7.2,5,4.8,2.8,3.1,2.2,3,1.9,2,2.2,1.2,1.2,0.9,0.1
평일,6호선,2648,봉화산,하선,2.7,2.8,2.6,2.8,2.8,3.6,2.1,1.4,0.7,0.8,0.8,2.2,1.3,1.6,1.8,3.7,2,1.8,2.2,3.6,1.9,2,3.2,6.3,3.2,6.6,8,2.9,1.6,2.3,2.2,1.5,1.5,1.3,2.4,1.5,1.3,0.4,0.2
평일,6호선,2649,신내,상선,4.2,4.3,10.6,9.2,19.6,15.2,12.6,12,8.8,6.5,4.9,7.4,8.1,5.3,8.7,6.7,3.8,6.3,6.1,6.1,7.7,6.2,7.1,7.5,9.8,8.7,5.3,6.2,5,2.4,2.2,3.2,1.8,2.1,1.6,0.8,0.6,0.6,0.1
평일,6호선,2649,신내,하선,0,0,0.8,0.6,2.4,3.1,3.2,5.2,4,4.4,3.1,2,2.6,2.6,3.7,4.2,4.6,4.4,4.1,3.9,4.2,4.3,5.4,6.5,6.2,5.2,5.7,8.3,4.4,4.5,4.2,2.5,3.3,2.7,2.4,1.1,0.7,0.5,0.2
평일,7호선,2711,장암,상선,0,0,0,0,0,0,0,0,0,0,0,0,0,0,0,0,0,0,0,0,0,0,0,0,0,0,0,0,0,0,0,0,0,0,0,0,0,0,0
평일,7호선,2711,장암,하선,3.8,5.2,6.9,11.9,14.5,10.2,6.7,3.7,2.7,1.6,1.5,1.1,1.1,1.4,1.6,1.4,1.6,1.3,1.5,2,2,1.8,1.9,2.2,2.2,1.9,1.7,1.4,0.9,0.9,0.8,0.9,1.1,0.7,0.4,0.2,0.1,0.1,0
평일,7호선,2712,도봉산,상선,0.6,0.8,0.9,0.6,0.3,0.5,0.4,0.3,0.6,0.3,1,0.5,0.9,0.5,0.8,0.4,0.6,0.4,0.4,0.3,0.5,0.5,0.8,0.6,1.1,1.3,1.1,0.7,0.4,0.6,0.3,0.3,0.5,0.3,0.4,0.2,0.1,0.3,0
평일,7호선,2712,도봉산,하선,12.7,10.4,17.4,23.4,22,22.3,23.3,22.2,14.6,10.7,10.3,9.1,8.6,9.4,10.2,8.4,10.1,8.5,8.5,9.5,9.2,11,9.2,8.6,7.3,9.6,10.4,6.1,5.9,4.6,4.2,4.4,4.7,3.4,3.9,2.5,2.3,1.5,0
평일,7호선,2713,수락산,상선,8.8,7.2,9.5,10.5,11.1,11.6,7,5.4,4.3,4.6,6,6.8,7.3,7.9,7.9,8.2,8.1,7.8,8.6,9.6,10.8,12.5,13.9,14.8,19.7,23.3,22.5,14.2,10,12.2,10.4,11.8,12.6,13,11.2,8.3,5.9,4.3,2.5
평일,7호선,2713,수락산,하선,19.8,16.2,24.2,29.8,31,30.3,31.3,29.9,20,15.6,14.3,12.5,12.3,13.4,13.9,12.2,13.1,11.7,12.1,13.1,12.7,14.6,13.3,10.5,9.4,12.9,12.3,8,7.2,6.1,5.7,6,6.4,5.1,5,3.3,2.6,1.7,0
평일,7호선,2714,마들,상선,9.4,9,11,11.5,12,13.8,9.8,6.4,6.2,6.7,7.8,9.7,10.3,11.1,11.1,10.4,10.8,10.1,12.1,13.3,15.5,17.3,20.1,20.8,28.1,33,31.7,21.2,15.2,17,16.5,17,18.4,18.9,16.6,12.2,8.6,7.6,4.6
평일,7호선,2714,마들,하선,30.8,23.5,32.1,39.9,43.8,42.7,42,40.2,28.5,21.3,18.5,17.3,15.9,18.2,17,17.4,16,15.4,14.3,14.9,17.1,16.7,17,12.6,10.7,15.2,14.1,9.2,8.6,6.7,7.4,6.9,7.2,6.4,5.7,3.8,2.9,2.3,1.5
평일,7호선,2715,노원,상선,9.5,9.6,12.5,13.4,13.8,15.3,10.2,7.5,7.2,7.8,9.4,11.3,12.4,13.5,13.8,13.2,13.6,13,15.7,16.8,20.5,22.6,26.9,28.3,38.3,44.6,43.5,28.9,21.3,23.3,22.7,23.2,26.2,26.3,23.2,17.7,12.6,12,7
평일,7호선,2715,노원,하선,35.9,28,37,46.6,52,51,49,46.6,33.6,26.1,22.9,22.6,20.6,24.6,22.8,24.5,21.8,20.9,19.8,22.2,24.1,24.6,25.1,19.6,16.7,24,21.8,15.8,14.5,13.3,14.4,13.3,14.9,20.3,12.8,9,7.2,6.2,4.1
평일,7호선,2716,중계,상선,12.9,14.4,18.6,20.8,23.9,27.4,22,13.8,12.7,12.9,14.7,17.3,17.1,18.8,20,19.3,19.9,19.9,22.3,24.7,27.3,33.5,37.1,38.7,55.1,57,57.2,35.2,27.7,27.8,26.8,29.1,31.7,29.6,27.6,19.2,14.5,14.9,8.5
평일,7호선,2716,중계,하선,43.3,32.9,43.9,55.7,61,60.4,55.7,55.6,40.3,31.3,26.9,25.3,24.2,26.3,27.5,26.7,24.9,23.1,22.4,24.3,25.1,27,29,21.9,18.5,26,21.9,15.9,14.9,13.9,14.7,13.8,16.5,21.5,13.1,9.6,7.8,6.1,4
평일,7호선,2717,하계,상선,12.5,15.4,20,23.8,25.2,29.9,23.3,14,13.4,13.1,15.2,18,17.8,19.7,20.6,20.5,21.5,20.6,23.8,26.4,29.5,35.5,40.6,43.4,62.5,64.2,64.5,42.7,33.4,32.8,32.8,33.5,37.8,34.6,33.6,23.1,17.6,18.2,10.8
평일,7호선,2717,하계,하선,50.4,38.6,49.6,67.6,72.7,71.8,63.7,63.9,45.4,35.7,30.3,28.7,27.3,29.4,29.5,29.5,27,25.8,24.6,26.9,27.7,30.6,34.3,24.9,21.4,26.6,24.3,16.9,16,15.2,15.4,15.2,16.8,23.7,14.9,9.8,7.7,6.3,4
평일,7호선,2718,공릉,상선,12.3,16.6,21.4,24.5,27.5,31.8,23.2,13.7,14.1,13.5,15.7,18.7,18.6,21.1,22.4,22.6,23.7,22.3,25.3,28.2,31.7,37.9,44.6,48.3,71.5,74.1,76.6,49.7,40.2,38.6,38.5,40.2,45.3,41.3,40.9,28.6,22.1,20.2,12.5
평일,7호선,2718,공릉,하선,62.2,41.3,53.7,71.3,79.7,78.1,65.9,69.2,47.2,37.8,31.9,30.4,28.7,31.3,30.5,31.5,28.2,27.4,25.4,28.2,29.5,33.3,36,26.7,22.2,28.1,25,17.6,16.4,16.1,16.2,16.2,17.7,24.2,16.3,11.8,8.1,6.4,3.9
평일,7호선,2719,태릉입구,상선,11.4,16.8,23.5,24.6,30.2,33.5,24.4,14.1,15.1,14.3,16.3,19.2,20.1,22.4,22.8,23.6,24.6,23.1,25.8,30.2,35.1,39.3,48.2,56.2,73.9,81.9,81.7,52.8,43.7,41.6,41.3,42.6,48.9,44.5,44.8,31.5,25.2,20.1,7.3
평일,7호선,2719,태릉입구,하선,45.2,41,51.6,69.4,78.9,75.1,64.8,71.2,46.5,37.2,31.3,28.8,28.1,30,29.4,30.8,27.6,26.6,24.8,28.4,28.9,34,36.7,27.5,24.1,28,27.2,19,17.7,16.6,16.4,16.7,18,23.7,16.3,12.2,8.7,7,4.4
평일,7호선,2720,먹골,상선,24.4,18.4,23.9,24.4,32.3,35.9,21.7,14.5,14.7,13.9,16.4,19.8,19.4,21.7,22.5,22.6,23.9,22.6,24.7,29,34.1,38,46.8,53.7,72.7,79.1,80.1,51.2,45.3,40.2,41.5,42.9,48.6,45.2,45.8,32.2,25.2,20.3,9.8
평일,7호선,2720,먹골,하선,51.1,43.7,51.7,73,84.1,81.3,68.8,77.4,53.4,41.2,33.8,30.8,28.6,31,31.5,32.4,28.9,28.5,24.5,29.5,28.7,33.7,35.3,29.2,24,27.1,28.4,19.7,17.3,16.5,16.4,16.2,18,23.4,15.6,11.8,8.3,6.7,4
평일,7호선,2721,중화,상선,18.1,19.6,23.5,23,30.1,34.3,22,14.3,14.6,14,16.4,20.1,19.8,21.9,22.8,23,24.7,23.3,25.8,30.6,36.1,39.9,49.5,56.3,77.7,83.3,83.2,54.2,47.6,43,44.1,46.9,52.1,49.2,46.1,32.2,26.5,22.1,11
평일,7호선,2721,중화,하선,57.1,47.3,55.4,79.7,88.3,86.1,72.7,80.4,56.4,43.6,35.2,32.4,30,32.6,32.9,34.5,29.8,29.3,25.1,30.7,29.5,34.7,36.3,30.4,25.5,27.3,28.6,19.9,17.4,16.6,16.7,16.3,18,22.9,15.3,11.5,8.2,6.4,3.7
평일,7호선,2722,상봉,상선,17.3,19.4,23.6,24.2,31.8,33,21.7,13.8,14.5,14.6,17.1,19.9,20.7,23.2,22.1,24.9,24.5,25.3,27.2,32.8,39.9,44.2,52.4,61.9,86.8,87.9,86.4,56.1,51,44.7,49,51.2,56.8,51.6,50,34.8,28.9,24.3,12.4
평일,7호선,2722,상봉,하선,72.9,57.1,66.2,96.9,110.2,105.5,87.9,98,66,51.7,41,36.3,35.4,38.7,38.6,38.5,33.5,32.7,28.1,33.7,32.8,38.2,39.2,34.2,29.1,27.8,32.9,22.6,18.2,17.7,17.7,17.8,19.1,22.6,16,11.8,8.7,6.7,3.3
평일,7호선,2723,면목,상선,17.2,23,24.8,26.3,31.9,32.1,22.3,14.5,15.2,16.7,18.8,21.7,22.3,25.1,25.1,29,28.3,28.2,30.8,36.6,44.9,49.1,58,69.6,101.7,103.1,104.2,65.5,61.8,51.6,56.5,58.8,64.3,59.2,57.6,40.3,33,27.7,15.5
평일,7호선,2723,면목,하선,85.6,62.8,68.7,99.6,121.5,116.9,93.9,106.3,77.7,58.1,44.4,39.5,37.1,40.1,40.5,40.1,36.4,33.1,30.2,33.9,32.8,36.8,40.6,35.8,29.7,28.2,32.5,22.8,18.1,17.6,17.1,17.8,18,20.5,18.5,11.5,8.3,7.1,4.3
평일,7호선,2724,사가정,상선,14.4,23.9,23.9,24.8,30.2,31.2,20.9,14.8,15.6,16.4,19.7,21.6,23.2,25,25.6,29.5,29.3,29.3,32.5,38.4,48.7,52.3,62.4,74.1,109,109.3,110.7,69.2,67.6,56,60.7,65.8,70.4,64.6,63.4,44.5,36.5,30.8,17.5
평일,7호선,2724,사가정,하선,98.2,67.3,74.6,109.2,136.2,123.5,102,115.3,82.7,62.2,46.7,41.5,38.7,42.1,42.1,41.4,37.5,34.2,30.9,34.3,32.9,37.2,40.9,36.2,30.9,27.5,31.6,22.6,18.3,17.1,17.5,18.4,17.1,20,17.5,11.6,8.9,8,4.1
평일,7호선,2725,용마산,상선,12.3,23.4,23.3,23,27.3,31.4,19.1,14.4,15.7,16.7,20,21.7,23.6,25.2,26,30.3,30.3,30.2,34.3,40.8,52.4,55.8,67.6,79.1,113.2,127.2,116.2,74.9,72.7,60.5,66.8,70.7,73.2,75.4,60.4,43.7,42.9,33.9,19.9
평일,7호선,2725,용마산,하선,102.7,70.3,77.8,114.3,137.3,127.1,103.8,117.9,84.7,63.9,47.6,42.5,39.5,42.9,42.6,42,37.9,34.7,31.2,34.5,33.1,37.5,41.5,36.3,31.1,26.3,33.3,22.8,19.5,17.1,17.5,18.2,16.8,19.8,16.9,11.4,8.7,7.7,4
평일,7호선,2726,중곡,상선,11.2,22.9,23,23.5,26.5,31.3,18.5,14.3,15.9,16.7,20.4,22.6,22.8,26.1,27.3,30.6,30.9,31.2,35.6,45.1,52.7,59.5,70.9,92.7,113.5,130.3,116.6,76.2,75.2,62.3,68.8,72.9,76.6,78.1,62.7,45.4,42.4,29.7,15.7
평일,7호선,2726,중곡,하선,109.6,73.8,81.5,119.6,140.4,138.1,107.2,122.4,95.3,67.1,49.9,44.9,41.5,45.4,44.6,44.3,39.6,36.8,33.1,36.5,34.7,42.3,44.4,40.3,33,30,34.5,24.5,20.2,18.5,18.1,19.1,17.3,21,17.1,11.5,8.5,7.7,3.8
평일,7호선,2727,군자,상선,13.8,23.2,24,24.9,30.5,34.4,20.8,15.3,16.9,18.9,20.9,23.5,23.8,27.2,28.7,31.7,32.5,32.7,37.5,47.3,55.1,62,73.9,95.7,117.6,132.5,121.6,78.7,80.7,64.8,71.6,77.6,80.7,81.9,66.3,48,44.9,31.9,16.9
평일,7호선,2727,군자,하선,108,70.5,75.8,116.4,137.8,138.8,115.4,126.4,108.2,70.1,55.5,46.7,41.7,43.3,46.9,44,41.8,35.6,36.3,34.7,36.4,39.6,44.8,40.7,34.9,31.3,34.9,24.1,20.2,19.2,18.8,19,17.4,21.8,17.8,11.9,8.1,7.4,3.2
평일,7호선,2728,어린이대공원,상선,10.5,22,21.9,23.5,28,30.9,20.5,15.5,16.3,17.9,20.9,22.6,23.4,26.6,27.7,31.8,32.1,34,38.5,47.7,56.9,61.8,72.5,97.7,122.3,131,124.9,79.9,83.4,67.5,73.2,80.8,83.3,85.4,69,51.2,48,34.6,17.5
평일,7호선,2728,어린이대공원,하선,121.8,76.3,76.1,112.3,136.3,139.6,115.1,126.9,105.8,70.1,55.6,47.2,42.1,44.6,46.6,45.5,42,37.1,37.5,36.7,38.4,42.7,47.6,44.3,39.6,34.6,37.7,27.1,21.3,20.6,20.8,20.8,20,22.7,21.1,14.3,8.5,8,2.6
평일,7호선,2729,건대입구,상선,9.4,21.8,22.2,23.4,30,32,25.3,17.4,19.8,19.8,21.8,24.8,25.4,28.5,29.1,35.3,31.5,36.6,40,53,55.3,67.9,73.1,103.5,122.2,132.2,120,80,84.5,68.1,73.6,81.1,82.5,85.3,65.9,49,49.4,35.1,9.2
평일,7호선,2729,건대입구,하선,56.8,62.3,63.5,94.5,111.4,111.3,90.3,103.1,85.1,55.4,43.3,37.3,32.9,36.4,36.5,37.1,33.7,31.5,31.4,32.8,34.2,38.9,42.4,42.8,37.5,35.9,39.1,28.5,23,23.8,24.5,25.5,25.6,30.2,27.2,19.9,13.8,8.4,1
평일,7호선,2730,자양(뚝섬한강공원),상선,8.2,22.3,21.9,23.7,32.7,37.1,29.4,20.5,23.5,20.7,23.5,24.3,25.3,26.9,29.2,32.8,30.5,33.6,36,44.9,46.7,56.1,61.4,87.6,102.8,114.3,99.5,69.4,67.3,55.4,58.1,64,60.9,61.7,49.7,37.1,36.6,25.4,9.6
평일,7호선,2730,자양(뚝섬한강공원),하선,60.5,63.7,65,90.9,113.7,112.8,94.6,105.7,91,59.1,46.8,37.4,33.9,35.2,36.4,36.6,34.6,32,29.9,31.4,33.9,36,42.7,41.5,36.5,34.7,37.9,28,21.7,24.4,22.2,25.9,25.3,30.1,26.8,20.1,13.8,8.3,1.6
평일,7호선,2731,청담,상선,6.5,21.9,20.7,24.7,32.1,36.3,25.3,20.6,23.2,20.3,23.3,24.2,25.2,27,29.1,32.9,30.8,33.7,36.1,45.3,47.1,56,61.8,88.8,103.5,120.8,96.2,72.3,65.9,56,59.2,64.9,61.1,61.8,50.2,36.8,36.6,17,9.9
평일,7호선,2731,청담,하선,37.8,58.1,56.1,82.5,100.3,99.5,82.1,89.4,83.7,54.8,44,36.5,33.2,35.6,35.9,36.6,33.7,32.4,30.7,33.9,35.5,39.9,47,49.6,42.5,44.8,43.6,33.6,24.3,27.2,24.1,29.1,26.8,31.3,28.2,20.5,13.7,8.3,3.9
평일,7호선,2732,강남구청,상선,12.1,29.6,25,29.4,39.1,44.8,33.8,28.2,28.1,23.1,26.1,25.1,27,26.8,32.4,31.3,33.1,34.1,36.3,41.6,48.7,52,58.4,87.6,91.5,107.9,84.1,66,58,52.3,55.2,60.3,56.1,57.8,43.4,34,35.8,17,9.8
평일,7호선,2732,강남구청,하선,32.9,49.5,46.3,64.8,83.2,80.6,66,68.9,68.2,46.8,41,33.4,31.7,32.7,34.1,34.2,33.8,32.7,33,36,38.2,42.6,49.1,57.4,50.6,57.9,56,47.7,34,32.8,30,36.8,32.8,38.8,33.8,23.5,15.3,9.4,8
평일,7호선,2733,학동,상선,21.6,35.9,30,36.3,50.8,59.8,48.3,43,42.5,30.1,31.7,27.8,29.5,28.4,34.4,32.8,34.9,34.2,35.6,39.1,44.3,46.8,53.7,76.8,81.3,92.3,69.7,57.8,50.1,46,46,53,46.4,49.2,37.8,29.6,32,15.5,9.3
평일,7호선,2733,학동,하선,30.7,45.1,42.6,59.8,72.4,68,49.8,52.6,53.7,40.1,36.2,31.8,30.6,32.5,33.4,34.5,32.7,33.7,34.2,38.9,40.8,47.8,53.6,69.9,60.7,79.1,69.1,60.3,40.3,38.3,36.7,40.4,37.9,44.9,41.8,29.4,17.7,9.9,8.1
평일,7호선,2734,논현,상선,23.7,40.9,34.6,45.5,64.7,76.5,68.6,57.2,54.1,36.8,37.2,30.4,31.5,28.8,36.2,33.3,36.8,33.2,34.8,36,41.9,42.9,50.3,66.9,71.3,71.7,59.2,49.6,44.6,41,42.6,48.3,41.9,44,35.1,27.5,28.7,9.5,9.2
평일,7호선,2734,논현,하선,13.6,43.1,34.2,48.5,53,51.3,30.7,31.8,32,29.5,28,27.2,26.4,29,29.3,31,28.4,31.5,32,38.1,38.8,48,52.4,74.1,63.6,89.9,73.3,67.4,44.7,42.6,41.4,45.7,43.5,53.5,47.6,33.4,21.3,12.7,8.6
평일,7호선,2735,반포,상선,25.6,47.4,37.4,53.8,77.1,91,77.1,68.2,63.1,40.9,37.9,29.6,29.7,30.6,32.6,35,33.1,31.6,31.4,34.4,35.5,38.5,45.3,57,56.2,53.1,46.1,36.8,32.1,31.2,32.6,36.6,31.2,31.2,26.1,21.3,20.7,8.4,4.2
평일,7호선,2735,반포,하선,13.9,39.8,32.7,47.7,52.4,50.9,31.8,30.7,30.8,28.6,27,26.3,25.4,28.2,28.6,30.7,27.9,31.1,32,38,39.2,49.6,53.9,75.9,65.8,85.9,74.3,69.7,48.5,42.8,41.7,45.5,44.5,52.6,47.5,33.4,21,12.4,8.4
평일,7호선,2736,고속터미널,상선,26.3,53,39.5,54.7,80.3,91.3,77.7,69.3,61.8,41.1,38.1,29.8,29.9,30.6,32.3,34.9,33,31.3,30.8,33.5,34.7,36.5,43.4,54.6,54.7,52.3,43.2,36.4,31.4,30.3,31.7,34.8,30.4,30,25.4,21,20.7,8.5,4.5
평일,7호선,2736,고속터미널,하선,14.4,32,28.1,39.3,46.8,45,27.3,25.9,26.4,24.7,24.1,25,25.8,27,29.3,31.6,30.7,33.2,37.4,43.4,50.1,58.1,67.7,88.3,87,106.2,93.2,85.8,61.6,56.8,56.7,58.8,58.2,69,60.8,43.2,25.2,14.1,10.5
평일,7호선,2737,내방,상선,37.4,73.7,55.4,90.7,103.2,129.7,91.7,86.2,74.7,52.2,43.3,39.7,36.8,37.1,39.6,39.9,37.7,34.3,33.1,32.9,35.2,36.8,43.8,50.4,50,47.3,39.8,32.8,27.4,24.7,26.8,30.2,23.6,24.6,20.2,19,18.6,8.3,2.4
평일,7호선,2737,내방,하선,10.3,28.6,27,37.6,43.3,45.9,22.2,22.1,23.2,23.1,22.5,24.2,25,26.6,28.1,30.8,29.8,33.2,37.2,43.5,49.7,59,68.1,91.3,92.2,105.7,96.4,89,67.3,55.2,57.2,59.8,59.1,69.5,60.5,42.6,24.6,13.5,10
평일,7호선,2738,이수,상선,75.9,70.6,57.4,91.2,104.6,132.6,93.4,88.5,77.2,52.2,43.3,39.3,36.4,36.2,39.2,38.8,37.4,32.9,32.4,31.3,33.9,33.9,41.6,44.8,46.1,40.1,36.8,31.1,26.2,23.1,25,27.5,22.1,22.4,19.4,18.7,19,8.3,3.3
평일,7호선,2738,이수,하선,9.9,22.8,20.6,30.7,38.4,43.2,20,19,20.5,19.8,19.7,20.2,21.2,23.5,25,26.5,27.1,28.9,32.1,38.2,43.9,51,57.8,75.8,82.2,90.3,88.4,78.5,59.5,49.4,52.7,53.3,57.1,61.2,65.1,47.8,25.8,21.1,11.7
평일,7호선,2739,남성,상선,83.9,63.1,56.4,86.5,103.2,124.3,85.9,81.3,59.4,50.1,39.4,36.2,32.3,32.6,34.9,34.8,33.7,29.2,28.8,27.5,29.8,30,37.5,40.6,40.6,34.1,32,27.8,22.8,20.2,20.6,21.3,17.5,17.2,15.1,13.9,14.6,6.3,3.3
평일,7호선,2739,남성,하선,11.3,23.6,21.7,32.1,40.5,45.4,20.4,19.2,20.4,19.2,19.1,19.4,20.5,22.7,23.8,25.5,25.7,27.6,30.4,36,41,48.1,54.7,71.7,77.3,85.6,82,74.2,57.5,47.2,49.3,49.6,53.8,55.6,60.4,44.2,25.5,17,15.9
평일,7호선,2740,숭실대입구,상선,78.2,59.6,56.2,81.5,96.8,116.7,76.9,75,55.8,46.1,35.8,33.4,28.1,33.8,30.1,35.8,28.9,29.4,24.9,28.7,26.4,32.9,35.4,42.6,39.2,34.4,32.1,27.9,21.6,20.7,20.9,19.7,18.6,16.7,13.7,16.3,11.8,5.2,3.8
평일,7호선,2740,숭실대입구,하선,11.2,21.2,22.1,32.1,42.3,45.9,23.2,18.4,18.6,18.3,18.2,18.6,18.7,21.5,22.1,24.7,24.1,25.5,27.9,33.4,38.1,45.3,51,68.2,72.9,75.4,78.2,68.3,52.7,43.7,45.5,45.7,49.5,50.9,54.6,40,22.5,15.3,13.6
평일,7호선,2741,상도,상선,73.1,56.1,52.2,74.7,88.6,106.9,69.6,69.9,49.6,42.4,33.2,31,26.5,31.4,28.5,33.3,27.3,27.6,23.5,27.3,25.2,31.5,33.6,39.6,36.5,34.7,31.5,27.8,21.5,20.2,20.7,19.3,18.5,16.8,13.5,16.1,11.9,5.4,4.8
평일,7호선,2741,상도,하선,12.3,21.4,21.3,32.2,44.9,47.3,23.3,18.7,18.2,17.7,18.3,18.1,18.5,20.5,21.2,23.6,23.5,23.4,25.6,31.8,35.3,41.9,48,63.2,70.3,71.3,72.3,65,49.4,40.4,43.2,42.8,45.7,47.7,50.3,36.6,20.7,14,11.9
평일,7호선,2742,장승배기,상선,69.5,53.8,48.2,71,82.1,100.3,67.1,66.1,47.8,40.3,31.7,29.7,25.5,30.3,27.9,31.4,26,26.7,22.7,26.4,24.4,30.4,32.3,38.1,34.9,34.4,31.9,28.5,19.9,20.5,21.3,19.1,18.9,16.9,13.7,16.3,12.2,5.8,4.5
평일,7호선,2742,장승배기,하선,13.6,19.3,22,33.4,45.2,49.1,26.4,19.3,18.4,18.2,18.2,18.1,18.4,20.5,21,23.4,22.6,22.8,25,31,34.3,41.2,47.7,63.1,67.7,65.5,71.3,61.9,50.5,38.4,41.3,41,43.8,45.2,46.6,36.2,22.4,12.9,10.6
평일,7호선,2743,신대방삼거리,상선,63.2,53.1,46.9,71.2,78.7,94.9,63.4,62.7,43.1,36.5,31.2,27.1,26.3,27.7,30.3,27.7,26.9,23.7,24.4,24.6,25.6,30.4,32.4,37.2,35.5,34.6,32.2,29.2,20.4,20.7,21.6,19.6,18.2,16.2,14.6,17.1,13.3,6.3,5.1
평일,7호선,2743,신대방삼거리,하선,16.9,21,23.6,34.3,47.8,55.6,30.7,20.2,20,18.1,18.4,18.3,18.2,20.5,20.8,23,21.7,22.1,23.5,29.6,31.9,38.6,45.2,59.3,64.3,59.7,64.5,54.1,44.7,34.3,37.1,37.2,39.8,40.8,41.6,33.9,20.3,12.7,8
평일,7호선,2744,보라매,상선,56.2,48.7,42,62,71.4,79.4,57.6,56.2,39.8,32.6,29.5,25.1,25.3,25.5,28.3,25.9,26,22.7,23.6,23.3,25.5,29.1,32.4,37.5,36.9,36.2,34.7,29.2,21.1,21.3,21.8,20.6,19.4,16.9,15.4,18.3,14.4,6.8,6.3
평일,7호선,2744,보라매,하선,17.7,21.6,23.6,33.7,45.8,53.3,29.9,20.2,20.2,16.9,17.7,17.7,17.5,19.4,19.6,21.4,21.5,21,24.1,27.4,32.1,36.3,45.3,54.8,65.3,62.6,63.5,51.9,44.5,32.7,37.7,35.4,38.5,39.3,39.1,31.7,18,11.4,6.6
평일,7호선,2745,신풍,상선,52.9,43.7,44,62.3,74.6,82.5,59.7,55.1,39.8,31.5,29.1,24,24.3,24.2,27.6,25,24.8,21.5,22.1,20.9,23.6,26.6,30.6,34.8,35.6,35.5,35.3,29.7,20.7,21.5,21.5,20,19.1,16.2,15.1,18.4,11.6,8.7,6.4
평일,7호선,2745,신풍,하선,16.1,23.5,26.5,35,51.6,58.1,32.5,21.9,20.9,18.2,18.1,17.9,17.9,20.1,20.1,21.6,21.4,21,23.5,27.1,31.3,35.6,44.1,52.9,65.3,59.5,61.4,47.7,41.7,31,35.7,33.5,36.2,36.7,36.3,29.5,16.4,10.5,4.9
평일,7호선,2746,대림,상선,66.5,40.8,44.1,58.2,70.9,74.7,56.4,51.8,35.8,30.8,24.7,25.4,21.7,25.9,24.5,27.2,21.4,23.5,19.8,23.4,22.2,29.3,29.4,38.1,35.7,39.1,37.3,31.7,22,22.7,22.6,21.3,20.4,17.2,16.5,19.6,12.7,9.5,7.5
평일,7호선,2746,대림,하선,24.2,28.1,32.5,38.2,58.1,64.9,42.9,25.1,24.8,20.8,21,21,21.1,24.3,24.3,26,26.2,25.6,28.4,32.5,37.6,42.8,53.2,64.5,79.7,77.1,80.3,61.7,54.9,41.1,42.2,41.8,46.9,44.8,48.3,38.8,21.1,14,11.4
평일,7호선,2747,남구로,상선,68.7,47.6,53.1,74.5,90.1,91.6,70.9,64.5,46.5,40,32.9,32.3,27.9,32.7,30.9,33.9,26.8,29.3,24.4,28.9,26.9,35.6,35.9,49.1,41.4,46.7,45.2,35.7,24.6,25.5,25.6,23.5,21.1,18.4,15.3,19.4,11.5,8.7,6.5
평일,7호선,2747,남구로,하선,33.2,30.7,34.7,39.3,56.4,58.4,45.6,23.8,23.8,20.2,21.5,20.7,20.8,23.9,24.9,25.5,25.7,24.9,28.5,30.9,38.3,41.2,51.3,63,85.6,87.2,86.5,64.6,56.6,42.2,41.7,42.2,44.2,43.4,48.3,38,24.3,13.7,10.7
평일,7호선,2748,가산디지털단지,상선,54.7,47.1,53.2,78.9,98.3,97.5,83.7,65.8,52.3,41,33.1,32.6,28,32.9,30.8,34.4,27,29.4,24.7,28.9,26.9,35.4,36.1,48.3,41.1,44,44.5,34.8,24.4,25.4,25.3,23.9,21.7,18.8,15.9,19.5,8.5,9,6.6
평일,7호선,2748,가산디지털단지,하선,30.2,25.6,32.7,29.9,34.3,33.8,15.5,11.3,12.5,15.1,18.3,19.9,20.4,23.9,25.5,26.5,25.3,27.6,31.9,36.1,44.6,50.6,62.3,92.3,123.8,135,118.3,80.4,69.2,52.6,50.9,53,53.3,52.5,54.7,44,32.4,16.5,12.1
평일,7호선,2749,철산,상선,65.5,51.8,63.9,105.2,130.6,136.9,122.3,92.7,71,46.5,37,30.4,33.5,29.7,34.8,29.2,30,23.5,26,23.4,27,27.7,35.1,29.1,24.3,21.2,25.8,20.3,16.7,17.7,18.3,17.8,16.5,15.4,14.6,16.6,7,6.6,6
평일,7호선,2749,철산,하선,29.7,23.9,31.6,30.4,34.3,34.4,15.1,10.5,11.3,14,16.5,17.7,19.9,21.9,22.2,24,23.9,25,26.6,32.7,38.7,44.6,53.5,79.3,108.8,122.3,107.5,66.9,61.3,47.3,44.4,46.8,46.8,45.8,45.7,37.5,27.5,14,10
평일,7호선,2750,광명사거리,상선,59.9,45.8,53,90.2,115,121.1,111.9,86.6,57.4,41.3,33.3,26.7,30.3,25.5,32,26,28.3,20.6,24.1,20.7,25.2,23.7,32.5,25.9,23.7,18.8,26.5,19.7,15.9,16.7,16.7,14.2,15.2,15.4,13.5,15.1,6.6,6.1,5.7
평일,7호선,2750,광명사거리,하선,27.1,20.5,30,31.1,35.5,34.4,14.2,9.6,9.6,12.3,14,15,16.1,18.3,18.8,20.8,20,21.5,23,27.8,32.8,38.8,46.9,70.2,91.3,112.5,95.1,58.1,52.7,40.9,38.4,39.6,41,40.2,38.4,31.9,22.7,11.4,8
평일,7호선,2751,천왕,상선,45.8,35.8,57,69.5,101.5,109,92.6,82.1,49.3,30.9,29.7,27.8,21.6,28.1,22.9,27.2,19.9,21.4,17.4,22.2,18.6,25.1,22.6,26.5,20,19.5,24.4,18,14.2,15.4,15.9,12.2,14.5,14.6,13,14.9,6.4,5.9,0
평일,7호선,2751,천왕,하선,28.2,22.7,29.8,31.8,37.2,35.8,15.1,9.1,9,11.5,13.2,14,14.6,16.6,16.8,19,17.8,19.2,20.6,25.4,29.2,35.1,42.3,63.9,82.2,103.6,85.1,51.8,47.7,37.4,33.7,34.7,36,35.4,33.4,27.4,20,9.8,6.5
평일,7호선,2752,온수,상선,35.4,33.2,54.7,64.1,90.1,101.7,80.7,60.9,49.5,27.4,27.2,26.9,17.8,27,19.5,26.2,17.7,20.1,14.8,21.4,16.2,23.7,19.7,25.5,18.1,18.5,26.1,17.5,13.9,15,16,11.5,14.3,14.9,12.9,14.8,6.6,5.9,0
평일,7호선,2752,온수,하선,15.3,16,8.6,15.9,25.2,39.5,14.8,11,7.3,10.2,15.7,10.8,14.9,13.4,18.5,14.5,21.2,14.7,22.7,15.8,33.9,23.8,46.1,50.8,70,88.3,87.2,46.2,53,34.7,24.7,40.2,26.9,36.1,32.7,41.9,16.8,21,7.3
평일,8호선,2810,암사역사공원,상선,3.3,4.3,2.8,3.9,5.5,10,7.2,7.2,8.4,8,8.7,8.1,8.8,9.4,10.1,11.3,12.2,13.2,13.7,16,19.4,21.9,24.9,27.9,37.1,44,49.9,38.9,32.1,26.2,27.6,29.4,29.7,35.9,34.2,28.4,18.5,14,9.7
평일,8호선,2810,암사역사공원,하선,25.9,30.5,38.5,50.6,65.6,76.9,52.4,46.5,26,21.3,20.3,18.5,17.1,18.4,18.4,18.5,16.6,14.6,14.5,15.7,15.3,17.8,19.6,20.5,16.4,16.5,12.8,7.7,5.7,6.2,6,6.3,5.8,6.9,6.2,4.9,4.8,3.6,1.2
평일,8호선,2811,암사,상선,5,4.9,3.6,5.2,7.4,12.9,8.6,8.3,9.4,9.4,10.1,9.8,10.4,11.7,12.6,13.7,14.6,15.5,16.9,19.3,23.8,27.2,29.4,32.7,43.3,50.8,56.4,46.9,36.6,31.4,32.2,35.4,38.3,42.5,41.1,33.9,22.1,16.4,5.3
평일,8호선,2811,암사,하선,34.7,43.1,56.4,69.1,88,88.9,73.1,72.6,42,32.1,29.7,29.2,26.2,27.5,27.9,28.8,24.7,22.5,21.6,22.6,23.5,24.5,27.1,29.2,23.1,24.6,18,11.9,8.7,9.7,9.6,9.3,8.7,10.2,8.5,7.1,5.9,4.2,1.7
평일,8호선,2812,천호,상선,5.8,6.5,5.3,7.4,9.9,19.1,14.8,12.8,14.8,14.3,15.5,15.6,16.9,18.5,19.7,20.9,22.7,23.9,26.5,32.6,36.7,41.3,43.3,45.9,61.6,71.8,80.3,66.5,51,43.2,46.1,49.4,53.6,60.8,54.4,46.9,30.9,22.2,8.9
평일,8호선,2812,천호,하선,42.7,59.2,78.2,92.2,123.7,133.1,120.1,110.2,62.8,47.5,41.5,44.1,39.6,39.8,43.5,39.8,40.5,34.4,35.7,37,38.8,44.3,48,54.9,46.7,47.7,38.9,24.8,20.3,19.8,17.5,19.2,21.3,22.2,19.4,16.5,12.8,9.7,2.9
평일,8호선,2813,강동구청,상선,11.6,12.1,10.1,14.7,23.5,37.1,29.3,25.7,28.5,24.4,27.5,28.8,27.9,29,33.1,34.5,37,36.5,43.2,50,59,65.5,56.9,76.5,96.5,110.2,117.8,99.3,68.8,66.5,67.3,70.5,76.1,84.3,75.3,59.6,36.6,29.2,8.6
평일,8호선,2813,강동구청,하선,48.1,63.5,83.8,98,129.1,138.8,123.3,113.1,76.5,51.5,46,43.2,41.1,41.8,44,42.4,40.7,35.7,36.8,37.2,39.1,45.8,47.4,55.3,50.8,53,39.5,24.7,20,19.9,17.9,19.7,21.1,22.6,19,16.3,12,11,5.1
평일,8호선,2814,몽촌토성,상선,10.9,11.6,10.7,16.2,24.2,42.3,33.5,26.6,27.8,23.8,27.4,28.7,27.1,31,34.2,35.2,38.1,37.4,44.3,51.2,60.6,70,60,78.9,98.4,122,119.7,105.9,73.9,70.6,71.4,75.1,81.3,89.8,80.9,64.4,39.9,31.2,9.4
평일,8호선,2814,몽촌토성,하선,48.1,61.3,80,96.2,133.1,132.9,131,115,76.6,52.6,46.8,44.1,41.6,44.2,43.2,43.7,41.3,37.7,37.6,38.9,40.9,47.7,50.4,60.2,53.6,59.3,43.2,27.1,20.4,21,18.9,20.6,21.1,24.3,19.3,18,12.3,11.1,4.6
평일,8호선,2815,잠실,상선,11.3,14.2,11.8,16.8,26.4,46.3,38.3,29.4,30,26.4,27.9,29.7,28.6,33.2,35.1,36.2,39.5,38.9,45.7,51.6,61.6,67.3,61.4,79.2,100.1,121.2,123.7,99.3,74,71.9,72.8,75.9,82.2,90.8,82.2,65.7,41.1,31.4,6.3
평일,8호선,2815,잠실,하선,35.6,51.6,60,73.3,89.6,98.3,90.5,75.9,53.1,36.5,35.5,35.8,37.4,39.7,41.9,42.5,43.7,41.8,44.4,49.6,51.1,62.1,67.7,81.7,81.8,96.7,89.1,56.5,42,42,41.9,46.8,48,57.3,49.2,42,28.6,26.2,9.1
평일,8호선,2816,석촌,상선,23.3,20.9,26.2,44.7,74.5,113.6,88.4,69.6,63.6,50,51.1,48.3,44.9,46.7,46.5,50.6,48.1,44.6,48.7,55.4,58.7,63.7,60.2,82.8,85.5,116.1,93.5,75.8,54.4,46.6,50.2,52.5,50.6,55.9,47.2,35.4,21.3,16.4,4.1
평일,8호선,2816,석촌,하선,35.5,44.8,58.8,73.8,90.1,97,95.3,74.4,57.2,35.7,34.1,36.5,37,40.6,42,44.1,42.8,43.1,46,50.9,53,64.8,72.7,79.3,90.4,106.1,100.6,66.1,46.7,46.6,46,52,55.3,64.6,56.5,48,32.7,29.7,9.7
평일,8호선,2817,송파,상선,27.6,23.9,31.7,53,86.9,129.3,99.6,80.5,74,55.4,56.7,50.6,49.1,50,48.9,53.1,49.7,46.1,49.5,58.9,58.9,64.3,61.4,84.8,86.9,118.5,92.7,74.5,52.6,44.4,49.7,50.5,45.6,47,43.5,30.6,19.4,14.2,4
평일,8호선,2817,송파,하선,36.8,44.6,58,65.9,89,97.6,100.6,72.6,56.7,35.5,34.3,36.3,36.7,39.5,39.2,41.4,41,40.7,43.7,47.5,49.5,61,68.5,74.3,87.7,90.1,96,61.6,45.4,41.2,42.5,48.2,50.7,60,51.7,45.5,39,25,8.6
평일,8호선,2818,가락시장,상선,25.1,22.1,30.1,49.1,84.4,115.7,89.9,74.9,61.9,52.7,52.7,46.6,46.2,47.6,46.5,50.4,47,45.2,48.4,56.3,55.2,63,60.9,83,86.2,114.7,89.4,68.7,51.6,43.4,49.8,50.1,45.7,46.6,43.9,30.6,19.7,10.7,2.7
평일,8호선,2818,가락시장,하선,30.2,34.7,46.2,55.3,73.9,82.3,84.1,63.7,51.2,30.6,30.1,32,31.1,33.6,34.6,36.2,36.3,36.1,39.8,42.8,45.1,54.2,62.3,71.4,82,88.3,94.4,59.2,44,38.4,40.8,44.8,46.7,56.5,50.5,46,36.4,23.2,7.5
평일,8호선,2819,문정,상선,40,23.5,30.7,53.9,89.3,124.2,95.6,76.3,61.5,49,47.8,42.4,42.7,42.4,41.5,44.9,42,43,41.7,48.6,47.3,53.5,53.1,74.7,77.9,104.8,76.6,61.2,43.9,38.5,42.4,42.7,38.4,37.1,35.2,24.1,16.7,8.8,2.8
평일,8호선,2819,문정,하선,25.4,30.6,36.9,42.1,46.4,46.1,33.3,34.4,32.4,21.8,21.9,25.5,24.7,28,27.9,29.7,30.5,30,34.4,38.2,41.3,45.7,55.3,71.4,81.9,95.3,88.4,61,41.3,36.3,38.9,41.1,45.2,53.3,46.2,42.4,32.5,20.4,13.4
평일,8호선,2820,장지,상선,33.9,22.2,30.9,53.5,88.3,126.3,104.8,77,62.9,45.7,42.9,35.8,36.4,35.2,35.6,35.5,34.1,33.5,33,37.9,36.7,40.3,42,49.1,47.9,55.7,50.5,43.9,30,27.9,31.6,29.7,26.6,22.6,26.2,17.4,13.1,6.7,2.4
평일,8호선,2820,장지,하선,22.9,25.5,30.7,36,39.3,38.7,27.4,27.5,23.3,18.5,18.3,18,19.8,22,22.4,24,25.2,26,29.2,34.6,34.4,40.7,47.3,62,70.3,86.4,74.4,52.4,35.9,32.8,35.8,38,40.1,46.1,43.5,36.4,28.1,16.7,11.3
평일,8호선,2821,복정,상선,30.7,18.2,25.2,45.9,79.3,114.1,93.2,65.6,56.4,39.3,37,32.6,30.5,30.4,30.5,28.4,30.2,27.3,26.8,30.4,27.9,31.7,35.6,36.9,38.2,42.4,43.5,34.6,26,22.4,24.9,23.4,19.9,20.4,24.6,15.8,13,6.1,2.2
평일,8호선,2821,복정,하선,8.5,12.6,15.3,15.2,17.5,18.8,13.9,12.4,11.6,9.8,9.6,10.1,11.3,13.1,13.3,14.4,16.7,16.5,18.3,21.7,23.2,26.9,30.7,39.3,48.9,58.2,60.5,42.8,28.9,23.7,26.8,27.2,28.7,34.8,34.2,28.4,24,16.4,10.6
평일,8호선,2828,남위례,상선,28.5,16,21.8,38.2,63.9,86.8,64.9,49.5,35.1,26.3,23.4,20.6,20.1,20.4,21.3,19,17.5,17.3,17.5,18.1,18.5,18.4,18.8,23,19.3,22,19.3,13.8,10.7,10.6,10.4,12.1,9,9.9,9.1,6.9,4.6,2.9,1.4
평일,8호선,2828,남위례,하선,7.2,9.6,13.1,13.4,13.9,15.6,10.1,9.1,10.2,8,8.3,8.8,9.9,11.4,14,12.6,14.2,14.4,15.4,20,21.9,22.8,26.5,34.5,42.5,51.1,53,39.4,26.3,20.8,23.4,24.5,24.6,28.9,29.8,25.1,21.1,14.6,9.8
평일,8호선,2822,산성,상선,24.8,14.9,20.5,34.2,59.6,79.3,53.1,43.8,31.1,23.1,18.8,17.5,17.3,18.2,18,16.5,15.1,15,14.9,14.9,15.3,15.6,15.7,18.1,15.8,16.8,16.6,11.6,8.9,8.5,8.7,9.2,7.1,7.3,6.8,4.3,3.5,2.2,1.2
평일,8호선,2822,산성,하선,8,8.9,12.6,14.1,14.5,15.5,10.1,8.9,9.6,7.5,8,8.4,9.1,10.4,13,11.4,12,12.8,13.6,16.9,19.4,19.4,22.4,28.6,34.9,39.3,43.4,31.3,20.8,17,18.3,20,19.5,23.1,24.2,22.7,16.7,10.9,10.4
평일,8호선,2823,남한산성입구,상선,21.3,12.8,17.7,27.8,49.7,66,44.4,35.8,26,19.2,15.3,15,15,15.9,15.2,14.8,13.6,13.4,12.9,14.8,14,14.5,15.1,16.3,14.6,16.5,15.6,10.9,8.6,8.5,8.8,9.2,7.1,7.9,6.8,4.3,3,1.8,1.2
평일,8호선,2823,남한산성입구,하선,10.8,9.8,11.9,16,15.7,19.6,10.1,8.6,9,7.2,7.2,8.3,8.6,10,10.9,9.9,10.4,11.8,11.8,13,15.5,15.3,17.4,22,25.8,28.5,31.8,22.7,14.8,11.8,11.9,13.1,13.2,15.1,15.3,14.3,10.5,9.3,6.8
평일,8호선,2824,단대오거리,상선,13.4,8.2,11.2,19,33,42.2,30.8,23.9,17.5,14,11.4,11.2,10.8,12.4,11.5,11.8,12.1,10.4,10.9,12.6,13.8,13.1,15.4,14,12.7,14.2,15.8,11,8.6,8.6,9.4,9.2,8.4,9.2,7.4,5,3.2,1.9,1.1
평일,8호선,2824,단대오거리,하선,14,8.4,11.3,14.7,15.7,20.8,10.4,8.7,8.7,7.3,6.9,7,8.1,9.4,9.2,8.9,8.9,9.4,9.5,9.6,10.9,10.7,11.7,14.6,14.6,16.3,15.4,10.7,7,5.8,6.2,6.6,6.8,7.3,7.4,6.7,5,4.6,3.8
평일,8호선,2825,신흥,상선,5.6,4,5,8.2,15.4,20.3,15.7,13.6,10.4,9.1,8,8.1,7.6,9.8,8.3,9.2,9.9,8.6,9.6,11.2,13,11.2,15,10.8,10.7,12.5,14,10.1,7.9,7.9,8.7,8.9,7.4,9.5,7.2,5.4,3.2,1.6,0.9
평일,8호선,2825,신흥,하선,14.2,8.1,11.2,15.7,16.2,24,10.3,9.1,8.6,6.9,6.3,6.1,7.2,7.6,8.4,7.8,7.4,7.5,8,7.8,8.4,8.7,9,11.4,10.1,11.6,9.1,6.4,4.4,3.6,3.8,3.8,4.3,4,4.2,3.7,3.1,2.6,2.3
평일,8호선,2826,수진,상선,3.4,2.5,2.6,4.2,9.3,12.1,11.2,8.9,7.6,6.9,6.7,6.7,6.7,8.2,7.3,8.4,9.6,8.2,8.4,10.2,12.3,10.1,14.1,9.2,10.2,12.5,13.5,10.4,7.8,8.2,8.3,8.8,7.7,10,7.3,5.7,3.1,1.4,0.8
평일,8호선,2826,수진,하선,18.3,10.3,12.3,17.7,16.4,22.7,11.6,9.9,8.8,7.2,6.5,6.4,7,8,8,7.8,7.3,7.3,7,7.9,7.8,8.6,9.5,10.6,8.4,9.7,5.5,3.4,2.5,2.3,2.4,2.4,2.5,2.1,2,1.4,1.1,0.7,0.8
평일,8호선,2827,모란,상선,1.6,1.4,1.3,2.1,4.8,7.4,8.3,5.8,6.5,5.7,6,5.9,6.4,7.2,6.8,7.9,9.6,8,8.3,9.5,11.4,9.9,11.3,8.4,10.2,12.9,14.9,11.2,7.5,8.3,8.5,8.2,7.8,10.1,8,6.2,3.5,1.3,0.6
평일,8호선,2827,모란,하선,0,0,0,0,0,0,0,0,0,0,0,0,0,0,0,0,0,0,0,0,0,0,0,0,0,0,0,0,0,0,0,0,0,0,0,0,0,0,0
